temperature_2m,relative_humidity_2m,precipitation,windspeed_10m,weathercode,hour,is_daytime,feels_like_temp,day_of_week_encoded,weather_Clear,weather_Foggy,weather_Light Rain,weather_Mainly Clear,weather_Overcast,weather_Partly Cloudy,weather_Showers,weather_Unknown,temperature_2m_zscore,relative_humidity_2m_zscore,precipitation_zscore,windspeed_10m_zscore,feels_like_temp_zscore,temperature_2m_minmax,relative_humidity_2m_minmax,precipitation_minmax,windspeed_10m_minmax,feels_like_temp_minmax
20.9,51.0,0.0,13.0,3,0,0,18.76,3,False,False,False,False,True,False,False,False,0.10514940883189242,-0.4286864510483229,0.0,0.2207664066248421,0.09646142822081989,0.47142857142857136,0.3513513513513514,0.0,0.4989858012170386,0.4656423388817756
20.1,54.0,0.0,11.2,3,1,0,18.24,3,False,False,False,False,True,False,False,False,-0.025843475716656166,-0.27711680062442173,0.0,-0.09319525581979261,-0.015593051226512297,0.4428571428571429,0.391891891891892,0.0,0.42596348884381335,0.4434485702091335
19.9,54.0,0.0,12.9,3,2,0,18.08,3,False,False,False,False,True,False,False,False,-0.05859169685379389,-0.27711680062442173,0.0,0.20332409204458468,-0.05007135259492203,0.43571428571428567,0.391891891891892,0.0,0.49492900608519275,0.4366197183098591
20.257831325301208,62.0,0.0,12.6,3,3,0,18.7,3,False,False,False,False,True,False,False,False,5.817252659514562e-16,0.12706893383931472,0.0,0.1509971483038121,0.08353206520766578,0.44849397590361456,0.5000000000000001,0.0,0.48275862068965514,0.4630815194195475
18.7,74.0,0.0,10.1,3,4,0,17.8,3,False,False,False,False,True,False,False,False,-0.25508102367661734,0.7333475355349195,0.0,-0.2850607162026248,-0.11040837998963848,0.39285714285714285,0.6621621621621622,0.0,0.3813387423935091,0.42466922748612895
18.1,79.0,0.0,8.6,2,5,0,17.42,3,False,False,False,False,False,True,False,False,-0.35332568708802875,0.9859636195747548,0.0,-0.546695434906487,-0.1922943457396113,0.3714285714285715,0.7297297297297297,0.0,0.3204868154158215,0.4084507042253522
17.7,82.0,0.0,7.3,0,6,1,17.15,3,True,False,False,False,False,False,False,False,-0.4188221293623036,1.137533269998656,0.0,-0.773445524449834,-0.25047647929880335,0.35714285714285715,0.7702702702702703,0.0,0.26774847870182555,0.3969270166453264
18.7,77.0,0.0,8.7,2,7,1,17.9,3,False,False,False,False,False,True,False,False,-0.25508102367661734,0.8849171859588206,0.0,-0.5292531203262295,-0.08885944163438288,0.39285714285714285,0.7027027027027027,0.0,0.32454361054766734,0.4289372599231754
20.5,67.0,0.0,10.2,3,8,1,19.11,3,False,False,False,False,True,False,False,False,0.03965296655761812,0.37968501787915004,0.0,-0.2676184016223674,0.17188271246421566,0.45714285714285713,0.5675675675675677,0.0,0.38539553752535494,0.48058045241143826
22.7,59.484939759036145,0.0,10.0,3,9,1,20.64,3,False,False,False,False,True,False,False,False,0.39988339906612785,0.0,0.0,-0.3025030307828822,0.5015814692996337,0.5357142857142856,0.4660126994464344,0.0,0.3772819472616633,0.5458813486982501
24.9,49.0,0.0,10.1,3,10,1,21.86,3,False,False,False,False,True,False,False,False,0.7601138315746376,-0.529732884664257,0.0,-0.2850607162026248,0.7644785172337574,0.6142857142857143,0.32432432432432434,0.0,0.3813387423935091,0.5979513444302176
27.2,41.0,0.0,9.6,3,11,1,23.14,3,False,False,False,False,True,False,False,False,1.1367183746517162,-0.9339186191279936,0.0,-0.3722722891039122,1.0403049281810353,0.6964285714285714,0.21621621621621623,0.0,0.36105476673427994,0.6525821596244132
29.2,35.0,0.0,8.2,0,12,1,24.21,3,True,False,False,False,False,False,False,False,1.464200586023089,-1.2370579199757958,0.0,-0.616464693227517,1.2708785685822752,0.7678571428571428,0.1351351351351352,0.0,0.3042596348884381,0.6982501067008111
30.7,30.0,0.0,11.45,2,13,1,24.9,3,False,False,False,False,False,True,False,False,1.7098122445516182,-1.489674004015631,0.0,-0.049589469369148924,1.4195662432335414,0.8214285714285714,0.0675675675675676,0.0,0.43610547667342797,0.727699530516432
20.257831325301208,25.0,0.0,12.0,3,14,1,17.18,3,False,False,False,False,True,False,False,False,5.817252659514562e-16,-1.7422900880554666,0.0,0.04634326082226732,-0.2440117977922263,0.44849397590361456,0.0,0.0,0.45841784989858014,0.3982074263764404
32.3,25.0,0.0,14.4,0,15,1,25.61,3,True,False,False,False,False,False,False,False,1.971798013648716,-1.7422900880554666,0.0,0.4649588107484468,1.5725637055558597,0.8785714285714286,0.0,0.0,0.5557809330628803,0.7580025608194623
32.0,27.0,0.0,16.9,0,16,1,25.58,3,True,False,False,False,False,False,False,False,1.9226756819430106,-1.6412436544395324,0.0,0.9010166752548834,1.5660990240492827,0.8678571428571429,0.027027027027027084,0.0,0.6572008113590263,0.7567221510883482
31.3,30.0,0.0,11.45,0,17,1,25.34,3,True,False,False,False,False,False,False,False,1.8080569079630302,-1.489674004015631,0.0,-0.049589469369148924,1.5143815719966685,0.842857142857143,0.0675675675675676,0.0,0.43610547667342797,0.7464788732394367
30.5,34.0,0.0,16.3,2,18,1,25.09,3,False,False,False,False,False,True,False,False,1.6770640234144811,-1.2875811367837628,0.0,0.7963627877733389,1.4605092261085282,0.8142857142857143,0.12162162162162166,0.0,0.6328600405679514,0.7358087921468204
29.6,39.0,0.0,14.5,1,19,1,24.82,3,False,False,False,True,False,False,False,False,1.5296970282973636,-1.0349650527439276,0.0,0.4824011253287042,1.402327092549337,0.7821428571428573,0.18918918918918926,0.0,0.5598377281947262,0.7242851045667948
27.9,44.0,0.0,11.4,3,20,1,23.89,3,False,False,False,False,True,False,False,False,1.2513371486316964,-0.7823489687040923,0.0,-0.05831062665927748,1.2019219658454556,0.7214285714285713,0.2567567567567568,0.0,0.4340770791075051,0.6845924029022621
26.5,50.0,0.0,11.45,3,21,0,23.2,3,False,False,False,False,True,False,False,False,1.022099600671736,-0.47920966785629,0.0,-0.049589469369148924,1.0532342911941885,0.6714285714285715,0.33783783783783783,0.0,0.43610547667342797,0.655142979086641
25.5,56.0,0.0,10.0,3,22,0,22.77,3,False,False,False,False,True,False,False,False,0.8583584949860497,-0.17607036700848763,0.0,-0.3025030307828822,0.9605738562665875,0.6357142857142857,0.41891891891891897,0.0,0.3772819472616633,0.6367904396073409
24.7,61.0,0.0,9.4,3,23,0,22.41,3,False,False,False,False,True,False,False,False,0.7273656104375005,0.07654571703134767,0.0,-0.407156918264427,0.8829976781876658,0.6071428571428572,0.4864864864864865,0.0,0.35294117647058826,0.6214255228339736
23.8,66.0,0.0,8.1,3,0,0,21.92,1,False,False,False,False,True,False,False,False,0.579998615320383,0.329161801071183,0.0,-0.6339070078077743,0.7774078802469114,0.575,0.5540540540540541,0.0,0.3002028397565923,0.6005121638924455
23.2,69.0,0.0,11.45,3,1,0,21.56,1,False,False,False,False,True,False,False,False,0.481753951908971,0.48073145149508417,0.0,-0.049589469369148924,0.6998317021679891,0.5535714285714286,0.5945945945945946,0.0,0.43610547667342797,0.585147247119078
22.3,72.0,0.0,5.5,3,2,0,20.92,1,False,False,False,False,True,False,False,False,0.3343869567918536,0.6323011019189854,0.0,-1.0874071868944686,0.5619184966943509,0.5214285714285714,0.6351351351351352,0.0,0.1947261663286004,0.5578318395219803
21.8,74.0,0.0,2.9,3,3,0,20.57,1,False,False,False,False,True,False,False,False,0.2525164039490104,0.7333475355349195,0.0,-1.540907365981163,0.48649721245095434,0.5035714285714286,0.6621621621621622,0.0,0.08924949290060852,0.5428937259923174
20.257831325301208,75.0,0.0,4.3,3,4,0,19.23,1,False,False,False,False,True,False,False,False,5.817252659514562e-16,0.7838707523428865,0.0,-1.2967149618575584,0.19774143849052314,0.44849397590361456,0.6756756756756758,0.0,0.1460446247464503,0.4857020913358942
20.9,76.0,0.0,5.4,3,5,0,19.85,1,False,False,False,False,True,False,False,False,0.10514940883189242,0.8343939691508536,0.0,-1.1048495014747262,0.33134485629311095,0.47142857142857136,0.6891891891891894,0.0,0.1906693711967546,0.5121638924455827
20.6,77.0,0.0,0.8,0,6,1,19.62,1,True,False,False,False,False,False,False,False,0.056027077126186986,0.8849171859588206,0.0,-1.9071959721665699,0.2817822980760219,0.4607142857142858,0.7027027027027027,0.0,0.004056795131845845,0.5023474178403757
21.8,72.0,0.0,4.1,0,7,1,20.48,1,True,False,False,False,False,False,False,False,0.2525164039490104,0.6323011019189854,0.0,-1.3315995910180733,0.4671031679312239,0.5035714285714286,0.6351351351351352,0.0,0.1379310344827586,0.5390524967989756
23.7,63.0,0.0,3.4,51,8,1,21.67,1,False,False,False,False,False,False,False,True,0.5636245047518141,0.1775921506472818,0.0,-1.4536957930798755,0.7235355343587714,0.5714285714285714,0.5135135135135136,0.0,0.10953346855983773,0.5898420827998294
26.0,59.484939759036145,0.0,5.4,1,9,1,23.41,1,False,False,False,True,False,False,False,False,0.9402290478288928,0.0,0.0,-1.1048495014747262,1.0984870617402265,0.6535714285714285,0.4660126994464344,0.0,0.1906693711967546,0.6641058472044388
28.1,59.484939759036145,0.0,11.45,0,10,1,25.17,1,True,False,False,False,False,False,False,False,1.2840853697688344,0.0,0.0,-0.049589469369148924,1.4777483767927335,0.7285714285714286,0.4660126994464344,0.0,0.43610547667342797,0.7392232180964577
29.8,42.0,0.0,11.2,2,11,1,25.21,1,False,False,False,False,False,True,False,False,1.562445249434501,-0.8833954023200264,0.0,-0.09319525581979261,1.4863679521348356,0.7892857142857144,0.22972972972972971,0.0,0.42596348884381335,0.7409304310712763
30.6,40.0,0.0,15.1,0,12,1,25.66,1,True,False,False,False,False,False,False,False,1.69343813398305,-0.9844418359359606,0.0,0.5870550128102491,1.5833381747334878,0.8178571428571428,0.20270270270270274,0.0,0.5841784989858012,0.7601365770379855
31.4,38.0,0.0,17.0,0,13,1,26.09,1,True,False,False,False,False,False,False,False,1.8244310185315986,-1.0854882695518948,0.0,0.9184589898351412,1.6759986096610888,0.8464285714285713,0.17567567567567577,0.0,0.6612576064908723,0.7784891165172856
31.5,37.0,0.0,19.6,1,14,1,26.08,1,False,False,False,True,False,False,False,False,1.8408051291001675,-1.1360114863598618,0.0,1.3719591689218358,1.673843715825563,0.8500000000000001,0.16216216216216217,0.0,0.7667342799188642,0.7780623132735809
30.7,36.0,0.0,21.3,0,15,1,25.4,1,True,False,False,False,False,False,False,False,1.7098122445516182,-1.1865347031678288,0.0,1.6684785167862128,1.5273109350098217,0.8214285714285714,0.14864864864864868,0.0,0.8356997971602435,0.7490396927016645
30.0,37.0,0.0,19.7,0,16,1,24.96,1,True,False,False,False,False,False,False,False,1.595193470571638,-1.1360114863598618,0.0,1.389401483502093,1.4324956062466956,0.7964285714285715,0.16216216216216217,0.0,0.7707910750507099,0.73026034997866
28.9,40.0,0.0,19.7,0,17,1,24.36,1,True,False,False,False,False,False,False,False,1.4150782543173828,-0.9844418359359606,0.0,1.389401483502093,1.303201976115159,0.7571428571428571,0.20270270270270274,0.0,0.7707910750507099,0.7046521553563807
27.5,44.0,0.0,18.5,0,18,1,23.58,1,True,False,False,False,False,False,False,False,1.1858407063574223,-0.7823489687040923,0.0,1.1800937085390033,1.1351202569441614,0.7071428571428571,0.2567567567567568,0.0,0.7221095334685599,0.6713615023474178
26.1,51.0,0.0,15.8,0,19,1,22.94,1,True,False,False,False,False,False,False,False,0.9566031583974617,-0.4286864510483229,0.0,0.7091512148720516,0.9972070514705232,0.6571428571428573,0.3513513513513514,0.0,0.6125760649087222,0.6440460947503202
24.6,56.0,0.0,12.8,0,20,1,22.03,1,True,False,False,False,False,False,False,False,0.7109914998689322,-0.17607036700848763,0.0,0.18588177746432724,0.8011117124376931,0.6035714285714286,0.41891891891891897,0.0,0.4908722109533469,0.6052069995731968
25.6,56.0,0.0,12.0,0,21,0,22.85,1,True,False,False,False,False,False,False,False,0.8747326055546185,-0.17607036700848763,0.0,0.04634326082226732,0.9778130069507928,0.6392857142857142,0.41891891891891897,0.0,0.45841784989858014,0.6402048655569783
26.3,56.0,0.0,14.6,0,22,0,23.43,1,True,False,False,False,False,False,False,False,0.9893513795345988,-0.17607036700848763,0.0,0.49984343990896163,1.1027968494112776,0.6642857142857144,0.41891891891891897,0.0,0.563894523326572,0.664959453691848
25.4,58.0,0.0,10.8,0,23,0,22.81,1,True,False,False,False,False,False,False,False,0.8419843844174808,-0.0750239333925535,0.0,-0.16296451414082228,0.9691934316086898,0.6321428571428571,0.44594594594594594,0.0,0.4097363083164301,0.6384976525821595
24.7,60.0,0.0,12.9,0,0,0,22.35,5,True,False,False,False,False,False,False,False,0.7273656104375005,0.026022500223380613,0.0,0.20332409204458468,0.8700683151745124,0.6071428571428572,0.472972972972973,0.0,0.49492900608519275,0.6188647033717456
24.5,62.0,0.0,13.0,0,1,0,22.3,5,True,False,False,False,False,False,False,False,0.6946173893003633,0.12706893383931472,0.0,0.2207664066248421,0.8592938459968843,0.6000000000000001,0.5000000000000001,0.0,0.4989858012170386,0.6167306871532223
23.8,66.0,0.0,9.8,3,2,0,21.92,5,False,False,False,False,True,False,False,False,0.579998615320383,0.329161801071183,0.0,-0.33738765994339703,0.7774078802469114,0.575,0.5540540540540541,0.0,0.3691683569979717,0.6005121638924455
23.2,70.0,0.0,8.6,3,3,0,21.62,5,False,False,False,False,True,False,False,False,0.481753951908971,0.5312546683030512,0.0,-0.546695434906487,0.7127610651811431,0.5535714285714286,0.6081081081081082,0.0,0.3204868154158215,0.5877080665813061
22.5,73.0,0.0,9.5,0,4,0,21.15,5,True,False,False,False,False,False,False,False,0.36713517792899075,0.6828243187269524,0.0,-0.3897146036841696,0.6114810549114391,0.5285714285714285,0.6486486486486487,0.0,0.35699797160243407,0.5676483141271873
22.0,75.0,0.0,9.5,0,5,0,20.8,5,True,False,False,False,False,False,False,False,0.2852646250861476,0.7838707523428865,0.0,-0.3897146036841696,0.5360597706680433,0.5107142857142857,0.6756756756756758,0.0,0.35699797160243407,0.5527102005975246
21.8,75.0,0.0,10.0,0,6,1,20.62,5,True,False,False,False,False,False,False,False,0.2525164039490104,0.7838707523428865,0.0,-0.3025030307828822,0.49727168162858254,0.5035714285714286,0.6756756756756758,0.0,0.3772819472616633,0.5450277422108409
22.9,72.0,0.0,10.9,0,7,1,21.46,5,True,False,False,False,False,False,False,False,0.432631620203265,0.6323011019189854,0.0,-0.14552219956056486,0.6782827638127334,0.5428571428571427,0.6351351351351352,0.0,0.4137931034482759,0.5808792146820316
24.9,63.0,0.0,14.1,0,8,1,22.69,5,True,False,False,False,False,False,False,False,0.7601138315746376,0.1775921506472818,0.0,0.41263186700767424,0.9433347055823831,0.6142857142857143,0.5135135135135136,0.0,0.5436105476673428,0.6333760136577038
20.257831325301208,59.484939759036145,0.0,12.6,2,9,1,18.6,5,False,False,False,False,False,True,False,False,5.817252659514562e-16,0.0,0.0,0.1509971483038121,0.06198312685241017,0.44849397590361456,0.4660126994464344,0.0,0.48275862068965514,0.4588134869825012
29.8,46.0,0.0,12.6,1,10,1,25.52,5,False,False,False,True,False,False,False,False,1.562445249434501,-0.6813025350881582,0.0,0.1509971483038121,1.5531696610361292,0.7892857142857144,0.2837837837837839,0.0,0.48275862068965514,0.7541613316261204
32.3,38.0,0.0,13.0,1,11,1,26.77,5,False,False,False,True,False,False,False,False,1.971798013648716,-1.0854882695518948,0.0,0.2207664066248421,1.82253139047683,0.8785714285714286,0.17567567567567577,0.0,0.4989858012170386,0.807511737089202
20.257831325301208,59.484939759036145,0.0,16.8,2,12,1,18.6,5,False,False,False,False,False,True,False,False,5.817252659514562e-16,0.0,0.0,0.8835743606746264,0.06198312685241017,0.44849397590361456,0.4660126994464344,0.0,0.6531440162271805,0.4588134869825012
35.4,59.484939759036145,0.0,20.0,3,13,1,31.28,5,False,False,False,False,True,False,False,False,2.479395441274344,0.0,0.0,1.4417284272428654,2.794388510298879,0.9892857142857143,0.4660126994464344,0.0,0.7829614604462475,1.0
35.7,29.0,0.0,21.8,2,14,1,28.4,5,False,False,False,False,False,True,False,False,2.5285177729800505,-1.5401972208235983,0.0,1.7556900896875,2.1737790856675034,1.0000000000000002,0.05405405405405406,0.0,0.8559837728194727,0.8770806658130601
35.7,29.0,0.0,11.45,0,15,1,28.4,5,True,False,False,False,False,False,False,False,2.5285177729800505,-1.5401972208235983,0.0,-0.049589469369148924,2.1737790856675034,1.0000000000000002,0.05405405405405406,0.0,0.43610547667342797,0.8770806658130601
35.2,31.0,0.0,11.45,2,16,1,28.24,5,False,False,False,False,False,True,False,False,2.446647220137207,-1.439150787207664,0.0,-0.049589469369148924,2.139300784299094,0.9821428571428572,0.08108108108108114,0.0,0.43610547667342797,0.8702518139137858
34.6,34.0,0.0,25.349999999999998,3,17,1,28.11,5,False,False,False,False,True,False,False,False,2.3484025567257953,-1.2875811367837628,0.0,2.37489225728664,2.111287164437261,0.9607142857142859,0.12162162162162166,0.0,0.9999999999999999,0.8647033717456252
34.3,35.0,0.0,24.5,2,18,1,27.98,5,False,False,False,False,False,True,False,False,2.2992802250200888,-1.2370579199757958,0.0,2.226632583354452,2.0832735445754285,0.95,0.1351351351351352,0.0,0.9655172413793104,0.8591549295774648
32.6,41.0,0.0,22.2,3,19,1,27.27,5,False,False,False,False,True,False,False,False,2.0209203453544227,-0.9339186191279936,0.0,1.8254593480085297,1.9302760822531104,0.8892857142857145,0.21621621621621623,0.0,0.8722109533468559,0.8288518992744345
31.2,46.0,0.0,19.6,3,20,1,26.62,5,False,False,False,False,True,False,False,False,1.7916827973944613,-0.6813025350881582,0.0,1.3719591689218358,1.7902079829439463,0.8392857142857142,0.2837837837837839,0.0,0.7667342799188642,0.8011096884336322
29.9,52.0,0.0,14.1,3,21,0,26.08,5,False,False,False,False,True,False,False,False,1.578819360003069,-0.37816323424035586,0.0,0.41263186700767424,1.673843715825563,0.7928571428571429,0.3648648648648649,0.0,0.5436105476673428,0.7780623132735809
28.9,55.0,0.0,13.8,3,22,0,25.5,5,False,False,False,False,True,False,False,False,1.4150782543173828,-0.2265935838164547,0.0,0.360304923266902,1.5488598733650782,0.7571428571428571,0.4054054054054055,0.0,0.5314401622718053,0.753307725138711
28.2,56.0,0.0,13.2,3,23,0,25.0,5,False,False,False,False,True,False,False,False,1.3004594803374026,-0.17607036700848763,0.0,0.2556510357853569,1.441115181588798,0.7321428571428572,0.41891891891891897,0.0,0.5070993914807302,0.7319675629534785
27.5,58.0,0.0,12.6,3,0,0,24.56,6,False,False,False,False,True,False,False,False,1.1858407063574223,-0.0750239333925535,0.0,0.1509971483038121,1.3462998528256709,0.7071428571428571,0.44594594594594594,0.0,0.48275862068965514,0.7131882202304738
20.257831325301208,61.0,0.0,11.5,3,1,0,18.66,6,False,False,False,False,True,False,False,False,5.817252659514562e-16,0.07654571703134767,0.0,-0.040868312079020065,0.07491248986556354,0.44849397590361456,0.4864864864864865,0.0,0.4381338742393509,0.46137430644472904
25.7,59.484939759036145,0.0,11.2,3,2,0,23.16,6,False,False,False,False,True,False,False,False,0.8911067161231868,0.0,0.0,-0.09319525581979261,1.0446147158520862,0.6428571428571428,0.4660126994464344,0.0,0.42596348884381335,0.6534357661118224
25.2,67.0,0.0,10.9,3,3,0,23.19,6,False,False,False,False,True,False,False,False,0.8092361632803436,0.37968501787915004,0.0,-0.14552219956056486,1.0510793973586634,0.625,0.5675675675675677,0.0,0.4137931034482759,0.6547161758429365
25.2,64.0,0.0,11.6,3,4,0,23.01,6,False,False,False,False,True,False,False,False,0.8092361632803436,0.22811536745524885,0.0,-0.02342599749876265,1.0122913083192024,0.625,0.5270270270270271,0.0,0.4421906693711968,0.6470337174562528
24.3,66.0,0.0,11.5,3,5,0,22.36,6,False,False,False,False,True,False,False,False,0.6618691681632262,0.329161801071183,0.0,-0.040868312079020065,0.8722232090100377,0.592857142857143,0.5540540540540541,0.0,0.4381338742393509,0.6192915066154503
24.0,67.0,0.0,11.2,3,6,1,22.15,6,False,False,False,False,True,False,False,False,0.6127468364575201,0.37968501787915004,0.0,-0.09319525581979261,0.8269704384639998,0.5821428571428571,0.5675675675675677,0.0,0.42596348884381335,0.6103286384976525
24.9,63.0,0.0,11.4,2,7,1,22.69,6,False,False,False,False,False,True,False,False,0.7601138315746376,0.1775921506472818,0.0,-0.05831062665927748,0.9433347055823831,0.6142857142857143,0.5135135135135136,0.0,0.4340770791075051,0.6333760136577038
27.0,55.0,0.0,15.4,0,8,1,23.94,6,True,False,False,False,False,False,False,False,1.1039701535145792,-0.2265935838164547,0.0,0.6393819565510216,1.2126964350230838,0.6892857142857143,0.4054054054054055,0.0,0.5963488843813388,0.6867264191207854
20.257831325301208,44.0,0.0,17.7,0,9,1,17.96,6,True,False,False,False,False,False,False,False,5.817252659514562e-16,-0.7823489687040923,0.0,1.0405551918969433,-0.07593007862122875,0.44849397590361456,0.2567567567567568,0.0,0.689655172413793,0.43149807938540335
30.6,42.0,0.0,17.9,0,10,1,25.82,6,True,False,False,False,False,False,False,False,1.69343813398305,-0.8833954023200264,0.0,1.0754398210574583,1.6178164761018976,0.8178571428571428,0.22972972972972971,0.0,0.6977687626774848,0.76696542893726
31.7,40.0,0.0,17.7,0,11,1,26.49,6,True,False,False,False,False,False,False,False,1.8735533502373045,-0.9844418359359606,0.0,1.0405551918969433,1.7621943630821129,0.8571428571428572,0.20270270270270274,0.0,0.689655172413793,0.7955612462654715
20.257831325301208,36.0,0.0,17.1,0,12,1,17.63,6,True,False,False,False,False,False,False,False,5.817252659514562e-16,-1.1865347031678288,0.0,0.9359013044153989,-0.14704157519357416,0.44849397590361456,0.14864864864864868,0.0,0.6653144016227182,0.41741357234314974
34.2,32.0,0.0,18.0,0,13,1,27.62,6,True,False,False,False,False,False,False,False,2.282906114451521,-1.388627570399697,0.0,1.0928821356377159,2.005697366496507,0.9464285714285716,0.09459459459459463,0.0,0.7018255578093306,0.8437900128040974
34.7,31.0,0.0,11.45,0,14,1,27.88,6,True,False,False,False,False,False,False,False,2.364776667294364,-1.439150787207664,0.0,-0.049589469369148924,2.061724606220172,0.9642857142857144,0.08108108108108114,0.0,0.43610547667342797,0.8548868971404182
35.2,30.0,0.0,17.3,0,15,1,28.14,6,True,False,False,False,False,False,False,False,2.446647220137207,-1.489674004015631,0.0,0.9707859335759137,2.1177518459438383,0.9821428571428572,0.0675675675675676,0.0,0.6734279918864098,0.8659837814767393
32.5,40.0,0.0,25.349999999999998,2,16,1,27.1,6,False,False,False,False,False,True,False,False,2.004546234785854,-0.9844418359359606,0.0,2.37489225728664,1.8936428870491755,0.8857142857142857,0.20270270270270274,0.0,0.9999999999999999,0.8215962441314555
30.9,46.0,0.0,20.1,0,17,1,26.39,6,True,False,False,False,False,False,False,False,1.7425604656887554,-0.6813025350881582,0.0,1.4591707418231232,1.7406454247268572,0.8285714285714285,0.2837837837837839,0.0,0.7870182555780934,0.7912932138284252
30.5,47.0,0.0,24.2,0,18,1,26.15,6,True,False,False,False,False,False,False,False,1.6770640234144811,-0.6307793182801912,0.0,2.1743056396136793,1.6889279726742423,0.8142857142857143,0.29729729729729737,0.0,0.9533468559837728,0.7810499359795133
22.8,79.0,0.0,22.2,80,19,1,21.72,6,False,False,False,False,False,False,True,False,0.4162575096346967,0.9859636195747548,0.0,1.8254593480085297,0.7343100035363987,0.5392857142857144,0.7297297297297297,0.0,0.8722109533468559,0.5919760990183525
22.3,75.0,0.0,20.2,53,20,1,21.07,6,False,False,False,False,False,False,False,True,0.3343869567918536,0.7838707523428865,0.0,1.4766130564033804,0.5942419042272347,0.5214285714285714,0.6756756756756758,0.0,0.7910750507099391,0.5642338881775502
21.5,75.0,0.0,8.9,55,21,0,20.35,6,False,False,False,False,False,False,False,True,0.2033940722433044,0.7838707523428865,0.0,-0.4943684911657144,0.43908954806939127,0.4928571428571428,0.6756756756756758,0.0,0.3326572008113591,0.5335040546308152
21.3,77.0,0.0,10.9,51,22,0,20.26,6,False,False,False,False,False,False,False,True,0.17064585110616728,0.8849171859588206,0.0,-0.14552219956056486,0.41969550354966084,0.4857142857142857,0.7027027027027027,0.0,0.4137931034482759,0.5296628254374733
20.8,78.0,0.0,11.45,3,23,0,19.85,6,False,False,False,False,True,False,False,False,0.08877529826332413,0.9354404027667877,0.0,-0.049589469369148924,0.33134485629311095,0.4678571428571429,0.7162162162162163,0.0,0.43610547667342797,0.5121638924455827
19.6,74.0,0.0,14.8,3,0,0,18.6,4,False,False,False,False,True,False,False,False,-0.10771402855949931,0.7333475355349195,0.0,0.5347280690694768,0.06198312685241017,0.4250000000000001,0.6621621621621622,0.0,0.5720081135902637,0.4588134869825012
18.9,69.0,0.0,14.7,3,1,0,17.8,4,False,False,False,False,True,False,False,False,-0.2223328025394802,0.48073145149508417,0.0,0.5172857544892191,-0.11040837998963848,0.39999999999999997,0.5945945945945946,0.0,0.5679513184584178,0.42466922748612895
18.4,57.0,0.0,15.9,3,2,0,16.96,4,False,False,False,False,True,False,False,False,-0.30420335538232335,-0.12554715020052057,0.0,0.7265935294523089,-0.2914194621737894,0.38214285714285706,0.43243243243243246,0.0,0.6166328600405679,0.38881775501493815
20.257831325301208,46.0,0.0,11.45,3,3,0,18.04,4,False,False,False,False,True,False,False,False,5.817252659514562e-16,-0.6813025350881582,0.0,-0.049589469369148924,-0.05869092793702427,0.44849397590361456,0.2837837837837839,0.0,0.43610547667342797,0.4349125053350405
17.5,41.0,0.0,14.2,3,4,0,15.73,4,False,False,False,False,True,False,False,False,-0.4515703504994408,-0.9339186191279936,0.0,0.4300741815879317,-0.556471403943439,0.35000000000000003,0.21621621621621623,0.0,0.5476673427991886,0.3363209560392659
20.257831325301208,38.0,0.0,13.8,3,5,0,17.71,4,False,False,False,False,True,False,False,False,5.817252659514562e-16,-1.0854882695518948,0.0,0.360304923266902,-0.1298024245093689,0.44849397590361456,0.17567567567567577,0.0,0.5314401622718053,0.4208279982927871
16.5,42.0,0.0,14.4,3,6,1,14.99,4,False,False,False,False,True,False,False,False,-0.6153114561851271,-0.8833954023200264,0.0,0.4649588107484468,-0.715933547772334,0.31428571428571433,0.22972972972972971,0.0,0.5557809330628803,0.3047375160051216
16.8,47.0,0.0,13.3,3,7,1,15.36,4,False,False,False,False,True,False,False,False,-0.566189124479421,-0.6307793182801912,0.0,0.27309335036561466,-0.6362024758578867,0.325,0.29729729729729737,0.0,0.5111561866125761,0.3205292360221938
18.1,51.0,0.0,12.2,3,8,1,16.51,4,False,False,False,False,True,False,False,False,-0.35332568708802875,-0.4286864510483229,0.0,0.08122788998278214,-0.3883896847724415,0.3714285714285715,0.3513513513513514,0.0,0.46653144016227177,0.3696116090482288
18.9,44.0,0.0,15.6,3,9,1,16.91,4,False,False,False,False,True,False,False,False,-0.2223328025394802,-0.7823489687040923,0.0,0.6742665857115364,-0.30219393135141753,0.39999999999999997,0.2567567567567568,0.0,0.6044624746450304,0.3866837387964149
17.1,53.0,0.0,17.2,3,10,1,15.77,4,False,False,False,False,True,False,False,False,-0.517066792773715,-0.3276400174323888,0.0,0.953343618995656,-0.5478518286013367,0.3357142857142858,0.3783783783783784,0.0,0.6693711967545639,0.33802816901408445
15.0,70.0,0.0,13.8,51,11,1,14.4,4,False,False,False,False,False,False,False,True,-0.8609231147136566,0.5312546683030512,0.0,0.360304923266902,-0.8430722840683447,0.26071428571428573,0.6081081081081082,0.0,0.5314401622718053,0.27955612462654716
14.0,83.0,0.0,13.7,61,12,1,13.73,4,False,False,True,False,False,False,False,False,-1.0246642203993428,1.188056486806623,0.0,0.3428626086866443,-0.9874501710485603,0.22500000000000003,0.7837837837837839,0.0,0.5273833671399594,0.25096030729833546
14.1,84.0,0.0,8.8,53,13,1,13.84,4,False,False,False,False,False,False,False,True,-1.0082901098307742,1.23857970361459,0.0,-0.5118108057459718,-0.9637463388577787,0.2285714285714286,0.7972972972972973,0.0,0.32860040567951326,0.2556551429790867
14.5,83.0,0.0,6.1,51,14,1,14.19,4,False,False,False,False,False,False,False,True,-0.9427936675564997,1.188056486806623,0.0,-0.9827532994129239,-0.8883250546143826,0.24285714285714283,0.7837837837837839,0.0,0.21906693711967543,0.2705932565087495
15.2,79.0,0.0,1.8,51,15,1,14.76,4,False,False,False,False,False,False,False,True,-0.8281748935765194,0.9859636195747548,0.0,-1.7327728263639952,-0.765496105989423,0.26785714285714285,0.7297297297297297,0.0,0.04462474645030426,0.29492104139991465
15.4,78.0,0.0,11.45,51,16,1,14.92,4,False,False,False,False,False,False,False,True,-0.7954266724393819,0.9354404027667877,0.0,-0.049589469369148924,-0.7310178046210132,0.27499999999999997,0.7162162162162163,0.0,0.43610547667342797,0.30174989329918905
16.1,73.0,0.0,11.45,3,17,1,15.44,4,False,False,False,False,True,False,False,False,-0.6808078984594014,0.6828243187269524,0.0,-0.049589469369148924,-0.6189633251736818,0.3000000000000001,0.6486486486486487,0.0,0.43610547667342797,0.32394366197183094
20.257831325301208,64.0,0.0,3.8,3,18,1,18.78,4,False,False,False,False,True,False,False,False,5.817252659514562e-16,0.22811536745524885,0.0,-1.3839265347588459,0.10077121589187102,0.44849397590361456,0.5270270270270271,0.0,0.1257606490872211,0.4664959453691849
17.2,59.484939759036145,0.0,3.3,3,19,1,16.03,4,False,False,False,False,True,False,False,False,-0.5006926822051468,0.0,0.0,-1.4711381076601333,-0.49182458887767067,0.33928571428571425,0.4660126994464344,0.0,0.10547667342799188,0.3491250533504055
16.8,65.0,0.0,2.2,3,20,1,15.85,4,False,False,False,False,True,False,False,False,-0.566189124479421,0.2786385842632159,0.0,-1.6630035680429651,-0.530612677917132,0.325,0.5405405405405406,0.0,0.06085192697768764,0.3414425949637217
16.5,64.0,0.0,3.0,3,21,0,15.56,4,False,False,False,False,True,False,False,False,-0.6153114561851271,0.22811536745524885,0.0,-1.5234650514009056,-0.5931045991473743,0.31428571428571433,0.5270270270270271,0.0,0.09330628803245436,0.3290653008962869
16.2,61.0,0.0,11.45,3,22,0,15.23,4,False,False,False,False,True,False,False,False,-0.6644337878908331,0.07654571703134767,0.0,-0.049589469369148924,-0.6642160957197193,0.30357142857142855,0.4864864864864865,0.0,0.43610547667342797,0.31498079385403327
15.6,60.0,0.0,5.9,3,23,0,14.7,4,False,False,False,False,True,False,False,False,-0.7626784513022448,0.026022500223380613,0.0,-1.0176379285734387,-0.7784254690025767,0.2821428571428571,0.472972972972973,0.0,0.2109533468559838,0.2923602219376867
15.5,58.0,0.0,6.2,3,0,0,14.58,0,False,False,False,False,True,False,False,False,-0.7790525618708134,-0.0750239333925535,0.0,-0.9653109848326663,-0.8042841950288838,0.2785714285714285,0.44594594594594594,0.0,0.2231237322515213,0.28723858301323096
15.4,57.0,0.0,7.6,3,1,0,14.47,0,False,False,False,False,True,False,False,False,-0.7954266724393819,-0.12554715020052057,0.0,-0.7211185807090617,-0.8279880272196654,0.27499999999999997,0.43243243243243246,0.0,0.2799188640973631,0.2825437473324797
15.2,56.0,0.0,9.8,3,2,0,14.28,0,False,False,False,False,True,False,False,False,-0.8281748935765194,-0.17607036700848763,0.0,-0.33738765994339703,-0.8689310100946521,0.26785714285714285,0.41891891891891897,0.0,0.3691683569979717,0.27443448570209134
14.9,56.0,0.0,9.4,3,3,0,14.04,0,False,False,False,False,True,False,False,False,-0.8772972252822251,-0.17607036700848763,0.0,-0.407156918264427,-0.9206484621472667,0.2571428571428572,0.41891891891891897,0.0,0.35294117647058826,0.2641912078531797
14.7,56.0,0.0,10.6,3,4,0,13.87,0,False,False,False,False,True,False,False,False,-0.9100454464193626,-0.17607036700848763,0.0,-0.1978491433013374,-0.9572816573512021,0.24999999999999994,0.41891891891891897,0.0,0.40162271805273836,0.2569355527102006
14.3,56.0,0.0,13.4,3,5,0,13.54,0,False,False,False,False,True,False,False,False,-0.9755418886936368,-0.17607036700848763,0.0,0.2905356649458721,-1.0283931539235471,0.2357142857142857,0.41891891891891897,0.0,0.515212981744422,0.24285104566794707
13.8,55.0,0.0,14.7,3,6,1,13.12,0,False,False,False,False,True,False,False,False,-1.05741244153648,-0.2265935838164547,0.0,0.5172857544892191,-1.1188986950156226,0.21785714285714292,0.4054054054054055,0.0,0.5679513184584178,0.22492530943235162
14.1,59.484939759036145,0.0,17.7,3,7,1,13.44,0,False,False,False,False,True,False,False,False,-1.0082901098307742,0.0,0.0,1.0405551918969433,-1.049942092278803,0.2285714285714286,0.4660126994464344,0.0,0.689655172413793,0.23858301323090053
15.1,38.0,0.0,18.5,3,8,1,13.84,0,False,False,False,False,True,False,False,False,-0.8445490041450879,-1.0854882695518948,0.0,1.1800937085390033,-0.9637463388577787,0.2642857142857143,0.17567567567567577,0.0,0.7221095334685599,0.2556551429790867
15.9,36.0,0.0,18.8,3,9,1,14.39,0,False,False,False,False,True,False,False,False,-0.7135561195965389,-1.1865347031678288,0.0,1.2324206522797758,-0.8452271779038703,0.29285714285714287,0.14864864864864868,0.0,0.7342799188640974,0.2791293213828426
16.8,35.0,0.0,20.2,3,10,1,15.03,0,False,False,False,False,True,False,False,False,-0.566189124479421,-1.2370579199757958,0.0,1.4766130564033804,-0.7073139724302316,0.325,0.1351351351351352,0.0,0.7910750507099391,0.3064447289799402
16.4,35.0,0.0,20.5,3,11,1,14.74,0,False,False,False,False,True,False,False,False,-0.6316855667536959,-1.2370579199757958,0.0,1.5289400001441529,-0.769805893660474,0.31071428571428567,0.1351351351351352,0.0,0.8032454361054767,0.29406743491250537
20.257831325301208,33.0,0.0,19.8,3,12,1,17.51,0,False,False,False,False,True,False,False,False,5.817252659514562e-16,-1.33810435359173,0.0,1.4068437980823507,-0.17290030121988087,0.44849397590361456,0.10810810810810811,0.0,0.7748478701825559,0.412291933418694
19.1,29.0,0.0,19.9,3,13,1,16.52,0,False,False,False,False,True,False,False,False,-0.18958458140234247,-1.5401972208235983,0.0,1.4242861126626076,-0.3862347909369163,0.4071428571428572,0.05405405405405406,0.0,0.7789046653144016,0.3700384122919334
19.9,27.0,0.0,17.7,3,14,1,17.01,0,False,False,False,False,True,False,False,False,-0.05859169685379389,-1.6412436544395324,0.0,1.0405551918969433,-0.2806449929961612,0.43571428571428567,0.027027027027027084,0.0,0.689655172413793,0.3909517712334614
20.4,26.0,0.0,14.3,3,15,1,17.32,0,False,False,False,False,True,False,False,False,0.02327885598904926,-1.6917668712474994,0.0,0.4475164961681894,-0.21384328409486766,0.45357142857142846,0.013513513513513542,0.0,0.5517241379310346,0.40418267178830564
20.5,26.0,0.0,10.8,3,16,1,17.39,0,False,False,False,False,True,False,False,False,0.03965296655761812,-1.6917668712474994,0.0,-0.16296451414082228,-0.19875902724618835,0.45714285714285713,0.013513513513513542,0.0,0.4097363083164301,0.4071702944942382
20.6,26.0,0.0,10.4,3,17,1,17.46,0,False,False,False,False,True,False,False,False,0.056027077126186986,-1.6917668712474994,0.0,-0.23273377246185223,-0.18367477039750907,0.4607142857142858,0.013513513513513542,0.0,0.3935091277890467,0.41015791720017075
19.8,59.484939759036145,0.0,11.6,3,18,1,18.21,0,False,False,False,False,True,False,False,False,-0.07496580742236217,0.0,0.0,-0.02342599749876265,-0.022057732733088597,0.4321428571428572,0.4660126994464344,0.0,0.4421906693711968,0.4421681604780197
18.7,31.0,0.0,15.4,3,19,1,16.3,0,False,False,False,False,True,False,False,False,-0.25508102367661734,-1.439150787207664,0.0,0.6393819565510216,-0.4336424553184794,0.39285714285714285,0.08108108108108114,0.0,0.5963488843813388,0.36064874093043114
17.5,59.484939759036145,0.0,11.45,3,20,1,16.28,0,False,False,False,False,True,False,False,False,-0.4515703504994408,0.0,0.0,-0.049589469369148924,-0.4379522429895305,0.35000000000000003,0.4660126994464344,0.0,0.43610547667342797,0.35979513444302186
15.4,41.0,0.0,8.0,3,21,0,14.13,0,False,False,False,False,True,False,False,False,-0.7954266724393819,-0.9339186191279936,0.0,-0.6513493223880318,-0.9012544176275359,0.27499999999999997,0.21621621621621623,0.0,0.2961460446247465,0.26803243704652163
15.5,38.0,0.0,6.1,3,22,0,14.14,0,False,False,False,False,True,False,False,False,-0.7790525618708134,-1.0854882695518948,0.0,-0.9827532994129239,-0.8990995237920104,0.2785714285714285,0.17567567567567577,0.0,0.21906693711967543,0.2684592402902262
14.6,48.0,0.0,6.1,3,23,0,13.64,0,False,False,False,False,True,False,False,False,-0.9264195569879311,-0.5802561014722241,0.0,-0.9827532994129239,-1.0068442155682906,0.24642857142857139,0.31081081081081086,0.0,0.21906693711967543,0.24711907810499362
14.8,38.0,0.0,5.2,3,0,0,13.61,2,False,False,False,False,True,False,False,False,-0.8936713358507937,-1.0854882695518948,0.0,-1.139734130635241,-1.0133088970748678,0.2535714285714286,0.17567567567567577,0.0,0.18255578093306288,0.24583866837387963
14.1,53.0,0.0,4.0,3,1,0,13.33,2,False,False,False,False,True,False,False,False,-1.0082901098307742,-0.3276400174323888,0.0,-1.3490419055983307,-1.0736459244695846,0.2285714285714286,0.3783783783783784,0.0,0.13387423935091278,0.2338881775501494
14.3,52.0,0.0,4.1,3,2,0,13.47,2,False,False,False,False,True,False,False,False,-0.9755418886936368,-0.37816323424035586,0.0,-1.3315995910180733,-1.043477410772226,0.2357142857142857,0.3648648648648649,0.0,0.1379310344827586,0.23986342296201452
13.8,55.0,0.0,4.4,3,3,0,13.12,2,False,False,False,False,True,False,False,False,-1.05741244153648,-0.2265935838164547,0.0,-1.2792726472773008,-1.1188986950156226,0.21785714285714292,0.4054054054054055,0.0,0.15010141987829617,0.22492530943235162
20.257831325301208,43.0,0.0,5.6,3,4,0,17.92,2,False,False,False,False,True,False,False,False,5.817252659514562e-16,-0.8328721855120594,0.0,-1.0699648723142112,-0.08454965396333099,0.44849397590361456,0.2432432432432433,0.0,0.19878296146044622,0.4297908664105848
13.0,55.0,0.0,3.8,3,5,0,12.46,2,False,False,False,False,True,False,False,False,-1.1884053260850291,-0.2265935838164547,0.0,-1.3839265347588459,-1.2611216881603122,0.18928571428571428,0.4054054054054055,0.0,0.1257606490872211,0.19675629534784472
12.8,62.0,0.0,7.7,3,6,1,12.37,2,False,False,False,False,True,False,False,False,-1.2211535472221662,0.12706893383931472,0.0,-0.7036762661288042,-1.280515732680043,0.18214285714285716,0.5000000000000001,0.0,0.283975659229209,0.19291506615450277
12.3,76.0,0.0,8.0,3,7,1,12.08,2,False,False,False,False,True,False,False,False,-1.3030241000650093,0.8343939691508536,0.0,-0.6513493223880318,-1.3430076539102853,0.1642857142857143,0.6891891891891894,0.0,0.2961460446247465,0.18053777208706784
12.6,59.484939759036145,0.0,10.5,3,8,1,12.18,2,False,False,False,False,True,False,False,False,-1.2539017683593037,0.0,0.0,-0.21529145788159482,-1.3214587155550295,0.175,0.4660126994464344,0.0,0.39756592292089254,0.18480580452411438
13.5,67.0,0.0,8.3,3,9,1,13.04,2,False,False,False,False,True,False,False,False,-1.106534773242186,0.37968501787915004,0.0,-0.5990223786472592,-1.1361378456998275,0.20714285714285713,0.5675675675675677,0.0,0.308316430020284,0.22151088348271447
13.5,66.0,0.0,11.7,3,10,1,13.02,2,False,False,False,False,True,False,False,False,-1.106534773242186,0.329161801071183,0.0,-0.005983682918505233,-1.1404476333708784,0.20714285714285713,0.5540540540540541,0.0,0.4462474645030426,0.22065727699530518
13.2,75.0,0.0,6.3,3,11,1,12.88,2,False,False,False,False,True,False,False,False,-1.155657104947892,0.7838707523428865,0.0,-0.9478686702524088,-1.1706161470682368,0.1964285714285714,0.6756756756756758,0.0,0.2271805273833671,0.21468203158344007
12.7,76.0,0.0,12.6,51,12,1,12.44,2,False,False,False,False,False,False,False,True,-1.2375276577907353,0.8343939691508536,0.0,0.1509971483038121,-1.2654314758313636,0.17857142857142855,0.6891891891891894,0.0,0.48275862068965514,0.19590268886043533
12.9,78.0,0.0,18.8,3,13,1,12.64,2,False,False,False,False,True,False,False,False,-1.2047794366535978,0.9354404027667877,0.0,1.2324206522797758,-1.2223335991208513,0.18571428571428572,0.7162162162162163,0.0,0.7342799188640974,0.2044387537345284
12.1,79.0,0.0,16.1,51,14,1,11.92,2,False,False,False,False,False,False,False,True,-1.3357723212021468,0.9859636195747548,0.0,0.7614781586128241,-1.377485955278695,0.15714285714285714,0.7297297297297297,0.0,0.6247464503042597,0.17370892018779344
11.8,84.0,0.0,10.5,53,15,1,11.68,2,False,False,False,False,False,False,False,True,-1.3848946529078525,1.23857970361459,0.0,-0.21529145788159482,-1.4292034073313098,0.14642857142857146,0.7972972972972973,0.0,0.39756592292089254,0.16346564233888178
11.1,88.0,0.0,12.4,53,16,1,11.05,2,False,False,False,False,False,False,False,True,-1.4995134268878332,1.4406725708464583,0.0,0.11611251914329729,-1.5649617189694227,0.12142857142857144,0.8513513513513514,0.0,0.4746450304259635,0.13657703798548876
10.5,94.0,0.0,12.6,61,17,1,10.49,2,False,False,True,False,False,False,False,False,-1.597758090299245,1.7438118716942606,0.0,0.1509971483038121,-1.6856357737588568,0.10000000000000003,0.9324324324324326,0.0,0.48275862068965514,0.11267605633802819
10.7,94.0,0.0,11.45,61,18,1,10.68,2,False,False,True,False,False,False,False,False,-1.5650098691621077,1.7438118716942606,0.0,-0.049589469369148924,-1.6446927908838702,0.10714285714285715,0.9324324324324326,0.0,0.43610547667342797,0.12078531796841657
10.4,96.0,0.0,15.1,55,19,1,10.39,2,False,False,False,False,False,False,False,True,-1.6141322008678134,1.8448583053101948,0.0,0.5870550128102491,-1.7071847121141126,0.09642857142857147,0.9594594594594595,0.0,0.5841784989858012,0.1084080239009817
9.7,95.0,0.0,11.4,3,20,1,9.71,2,False,False,False,False,True,False,False,False,-1.728750974847794,1.7943350885022278,0.0,-0.05831062665927748,-1.8537174929298539,0.0714285714285714,0.9459459459459459,0.0,0.4340770791075051,0.07938540332906535
9.9,95.0,0.0,10.6,3,21,0,9.9,2,False,False,False,False,True,False,False,False,-1.6960027537106566,1.7943350885022278,0.0,-0.1978491433013374,-1.8127745100548673,0.07857142857142863,0.9459459459459459,0.0,0.40162271805273836,0.08749466495945374
10.4,92.0,0.0,5.0,3,22,0,10.39,2,False,False,False,False,True,False,False,False,-1.6141322008678134,1.6427654380783265,0.0,-1.174618759795756,-1.7071847121141126,0.09642857142857147,0.9054054054054056,0.0,0.1744421906693712,0.1084080239009817
10.3,88.0,0.0,8.7,3,23,0,10.29,2,False,False,False,False,True,False,False,False,-1.630506311436382,1.4406725708464583,0.0,-0.5292531203262295,-1.728733650469369,0.09285714285714292,0.8513513513513514,0.0,0.32454361054766734,0.1041399914639351
10.6,90.0,0.0,9.8,3,0,0,10.58,3,False,False,False,False,True,False,False,False,-1.5813839797306763,1.5417190044623925,0.0,-0.33738765994339703,-1.6662417292391263,0.10357142857142859,0.8783783783783784,0.0,0.3691683569979717,0.11651728553137009
10.6,90.0,0.0,7.9,3,1,0,10.58,3,False,False,False,False,True,False,False,False,-1.5813839797306763,1.5417190044623925,0.0,-0.6687916369682891,-1.6662417292391263,0.10357142857142859,0.8783783783783784,0.0,0.29208924949290066,0.11651728553137009
20.257831325301208,90.0,0.0,11.45,51,2,0,19.85,3,False,False,False,False,False,False,False,True,5.817252659514562e-16,1.5417190044623925,0.0,-0.049589469369148924,0.33134485629311095,0.44849397590361456,0.8783783783783784,0.0,0.43610547667342797,0.5121638924455827
11.0,92.0,0.0,11.4,51,3,0,10.97,3,False,False,False,False,False,False,False,True,-1.5158875374564018,1.6427654380783265,0.0,-0.05831062665927748,-1.5822008696536276,0.11785714285714288,0.9054054054054056,0.0,0.4340770791075051,0.1331626120358515
10.9,91.0,0.0,10.2,55,4,0,10.87,3,False,False,False,False,False,False,False,True,-1.5322616480249702,1.5922422212703595,0.0,-0.2676184016223674,-1.603749808008884,0.11428571428571432,0.891891891891892,0.0,0.38539553752535494,0.12889457959880496
10.6,95.0,0.0,10.9,61,5,0,10.59,3,False,False,True,False,False,False,False,False,-1.5813839797306763,1.7943350885022278,0.0,-0.14552219956056486,-1.6640868354036007,0.10357142857142859,0.9459459459459459,0.0,0.4137931034482759,0.11694408877507473
20.257831325301208,94.0,0.0,9.3,63,6,1,20.01,3,False,False,False,False,False,False,False,True,5.817252659514562e-16,1.7438118716942606,0.0,-0.4245992328446844,0.3658231576615207,0.44849397590361456,0.9324324324324326,0.0,0.34888438133874244,0.518992744344857
11.1,59.484939759036145,0.0,10.9,63,7,1,10.92,3,False,False,False,False,False,False,False,True,-1.4995134268878332,0.0,0.0,-0.14552219956056486,-1.5929753388312557,0.12142857142857144,0.4660126994464344,0.0,0.4137931034482759,0.13102859581732823
20.257831325301208,94.0,0.0,13.9,3,8,1,20.01,3,False,False,False,False,True,False,False,False,5.817252659514562e-16,1.7438118716942606,0.0,0.3777472378471594,0.3658231576615207,0.44849397590361456,0.9324324324324326,0.0,0.5354969574036511,0.518992744344857
20.257831325301208,96.0,0.0,12.1,63,9,1,20.09,3,False,False,False,False,False,False,False,True,5.817252659514562e-16,1.8448583053101948,0.0,0.06378557540252473,0.38306230834572513,0.44849397590361456,0.9594594594594595,0.0,0.46247464503042596,0.5224071702944941
11.8,96.0,0.0,8.9,61,10,1,11.77,3,False,False,True,False,False,False,False,False,-1.3848946529078525,1.8448583053101948,0.0,-0.4943684911657144,-1.4098093628115793,0.14642857142857146,0.9594594594594595,0.0,0.3326572008113591,0.16730687153222362
12.1,95.0,0.0,13.1,51,11,1,12.06,3,False,False,False,False,False,False,False,True,-1.3357723212021468,1.7943350885022278,0.0,0.2382087212050995,-1.3473174415813365,0.15714285714285714,0.9459459459459459,0.0,0.5030425963488844,0.17968416559965855
12.4,96.0,0.0,13.5,63,12,1,12.36,3,False,False,False,False,False,False,False,True,-1.286649989496441,1.8448583053101948,0.0,0.3079779795261295,-1.2826706265155685,0.16785714285714287,0.9594594594594595,0.0,0.5192697768762677,0.19248826291079807
12.8,96.0,0.0,13.1,3,13,1,12.76,3,False,False,False,False,True,False,False,False,-1.2211535472221662,1.8448583053101948,0.0,0.2382087212050995,-1.1964748730945443,0.18214285714285716,0.9594594594594595,0.0,0.5030425963488844,0.20956039265898424
13.6,95.0,0.0,15.1,3,14,1,13.53,3,False,False,False,False,True,False,False,False,-1.0901606626736173,1.7943350885022278,0.0,0.5870550128102491,-1.0305480477590727,0.2107142857142857,0.9459459459459459,0.0,0.5841784989858012,0.24242424242424238
13.5,94.0,0.0,12.5,3,15,1,13.42,3,False,False,False,False,True,False,False,False,-1.106534773242186,1.7438118716942606,0.0,0.1335548337235547,-1.0542518799498541,0.20714285714285713,0.9324324324324326,0.0,0.4787018255578094,0.23772940674349125
14.1,93.0,0.0,13.5,3,16,1,13.99,3,False,False,False,False,True,False,False,False,-1.0082901098307742,1.6932886548862935,0.0,0.3079779795261295,-0.9314229313248945,0.2285714285714286,0.918918918918919,0.0,0.5192697768762677,0.2620571916346564
13.8,95.0,0.0,13.5,3,17,1,13.72,3,False,False,False,False,True,False,False,False,-1.05741244153648,1.7943350885022278,0.0,0.3079779795261295,-0.9896050648840858,0.21785714285714292,0.9459459459459459,0.0,0.5192697768762677,0.2505335040546309
13.7,94.0,0.0,12.0,3,18,1,13.61,3,False,False,False,False,True,False,False,False,-1.073786552105049,1.7438118716942606,0.0,0.04634326082226732,-1.0133088970748678,0.21428571428571425,0.9324324324324326,0.0,0.45841784989858014,0.24583866837387963
13.5,95.0,0.0,11.5,3,19,1,13.43,3,False,False,False,False,True,False,False,False,-1.106534773242186,1.7943350885022278,0.0,-0.040868312079020065,-1.0520969861143286,0.20714285714285713,0.9459459459459459,0.0,0.4381338742393509,0.23815620998719594
13.4,94.0,0.0,11.45,3,20,1,13.32,3,False,False,False,False,True,False,False,False,-1.1229088838107546,1.7438118716942606,0.0,-0.049589469369148924,-1.0758008183051102,0.20357142857142857,0.9324324324324326,0.0,0.43610547667342797,0.2334613743064448
13.4,94.0,0.0,9.2,3,21,0,13.32,3,False,False,False,False,True,False,False,False,-1.1229088838107546,1.7438118716942606,0.0,-0.44204154742494217,-1.0758008183051102,0.20357142857142857,0.9324324324324326,0.0,0.3448275862068965,0.2334613743064448
13.4,95.0,0.0,5.4,3,22,0,13.33,3,False,False,False,False,True,False,False,False,-1.1229088838107546,1.7943350885022278,0.0,-1.1048495014747262,-1.0736459244695846,0.20357142857142857,0.9459459459459459,0.0,0.1906693711967546,0.2338881775501494
13.3,96.0,0.0,5.6,51,23,0,13.25,3,False,False,False,False,False,False,False,True,-1.1392829943793232,1.8448583053101948,0.0,-1.0699648723142112,-1.0908850751537895,0.2,0.9594594594594595,0.0,0.19878296146044622,0.23047375160051214
13.3,96.0,0.0,6.3,3,0,0,13.25,1,False,False,False,False,True,False,False,False,-1.1392829943793232,1.8448583053101948,0.0,-0.9478686702524088,-1.0908850751537895,0.2,0.9594594594594595,0.0,0.2271805273833671,0.23047375160051214
13.3,97.0,0.0,11.45,45,1,0,13.26,1,False,True,False,False,False,False,False,False,-1.1392829943793232,1.8953815221181618,0.0,-0.049589469369148924,-1.088730181318264,0.2,0.9729729729729731,0.0,0.43610547667342797,0.23090055484421684
13.3,99.0,0.0,2.8,3,2,0,13.29,1,False,False,False,False,True,False,False,False,-1.1392829943793232,1.996427955734096,0.0,-1.5583496805614208,-1.0822654998116872,0.2,1.0,0.0,0.08519269776876266,0.23218096457533072
13.3,98.0,0.0,2.9,3,3,0,13.27,1,False,False,False,False,True,False,False,False,-1.1392829943793232,1.9459047389261288,0.0,-1.540907365981163,-1.0865752874827384,0.2,0.9864864864864865,0.0,0.08924949290060852,0.23132735808792143
13.4,98.0,0.0,11.45,3,4,0,13.37,1,False,False,False,False,True,False,False,False,-1.1229088838107546,1.9459047389261288,0.0,-0.049589469369148924,-1.0650263491274823,0.20357142857142857,0.9864864864864865,0.0,0.43610547667342797,0.23559539052496797
13.3,99.0,0.0,1.8,3,5,0,13.29,1,False,False,False,False,True,False,False,False,-1.1392829943793232,1.996427955734096,0.0,-1.7327728263639952,-1.0822654998116872,0.2,1.0,0.0,0.04462474645030426,0.23218096457533072
13.4,59.484939759036145,0.0,1.5,3,6,1,12.85,1,False,False,False,False,True,False,False,False,-1.1229088838107546,0.0,0.0,-1.7850997701047677,-1.1770808285748138,0.20357142857142857,0.4660126994464344,0.0,0.032454361054766734,0.21340162185232608
13.5,59.484939759036145,0.0,2.9,45,7,1,12.93,1,False,True,False,False,False,False,False,False,-1.106534773242186,0.0,0.0,-1.540907365981163,-1.1598416778906089,0.20714285714285713,0.4660126994464344,0.0,0.08924949290060852,0.21681604780196334
13.8,98.0,0.0,4.3,45,8,1,13.77,1,False,True,False,False,False,False,False,False,-1.05741244153648,1.9459047389261288,0.0,-1.2967149618575584,-0.978830595706458,0.21785714285714292,0.9864864864864865,0.0,0.1460446247464503,0.25266752027315403
14.1,96.0,0.0,2.2,63,9,1,14.03,1,False,False,False,False,False,False,False,True,-1.0082901098307742,1.8448583053101948,0.0,-1.6630035680429651,-0.9228033559827923,0.2285714285714286,0.9594594594594595,0.0,0.06085192697768764,0.263764404609475
15.1,96.0,0.0,1.8,3,10,1,15.02,1,False,False,False,False,True,False,False,False,-0.8445490041450879,1.8448583053101948,0.0,-1.7327728263639952,-0.7094688662657572,0.2642857142857143,0.9594594594594595,0.0,0.04462474645030426,0.3060179257362356
15.7,93.0,0.0,4.2,3,11,1,15.54,1,False,False,False,False,True,False,False,False,-0.7463043407336762,1.6932886548862935,0.0,-1.3141572764378158,-0.5974143868184258,0.28571428571428564,0.918918918918919,0.0,0.14198782961460446,0.3282116944088775
16.4,91.0,0.0,7.5,51,12,1,16.17,1,False,False,False,False,False,False,False,True,-0.6316855667536959,1.5922422212703595,0.0,-0.7385608952893191,-0.4616560751803121,0.31071428571428567,0.891891891891892,0.0,0.27586206896551724,0.3551002987622707
18.5,90.0,0.0,9.2,3,13,1,18.16,1,False,False,False,False,True,False,False,False,-0.2878292448137545,1.5417190044623925,0.0,-0.44204154742494217,-0.03283220191071678,0.38571428571428573,0.8783783783783784,0.0,0.3448275862068965,0.44003414425949633
20.1,83.0,0.0,7.9,3,14,1,19.41,1,False,False,False,False,True,False,False,False,-0.025843475716656166,1.188056486806623,0.0,-0.6687916369682891,0.236529527529984,0.4428571428571429,0.7837837837837839,0.0,0.29208924949290066,0.4933845497225779
22.2,74.0,0.0,6.1,3,15,1,20.93,1,False,False,False,False,True,False,False,False,0.31801284622328474,0.7333475355349195,0.0,-0.9827532994129239,0.564073390529876,0.5178571428571428,0.6621621621621622,0.0,0.21906693711967543,0.558258642765685
20.257831325301208,70.0,0.0,6.7,1,16,1,19.03,1,False,False,False,True,False,False,False,False,5.817252659514562e-16,0.5312546683030512,0.0,-0.8780994119313789,0.15464356178001118,0.44849397590361456,0.6081081081081082,0.0,0.24340770791075053,0.4771660264618011
24.5,59.484939759036145,0.0,4.0,2,17,1,22.15,1,False,False,False,False,False,True,False,False,0.6946173893003633,0.0,0.0,-1.3490419055983307,0.8269704384639998,0.6000000000000001,0.4660126994464344,0.0,0.13387423935091278,0.6103286384976525
25.5,59.0,0.0,5.5,3,18,1,22.96,1,False,False,False,False,True,False,False,False,0.8583584949860497,-0.024500716584586447,0.0,-1.0874071868944686,1.0015168391415743,0.6357142857142857,0.45945945945945954,0.0,0.1947261663286004,0.6448997012377293
25.0,54.0,0.0,8.4,3,19,1,22.24,1,False,False,False,False,True,False,False,False,0.7764879421432065,-0.27711680062442173,0.0,-0.5815800640670018,0.8463644829837301,0.6178571428571429,0.391891891891892,0.0,0.31237322515212984,0.6141698676909944
22.7,70.0,0.0,5.4,2,20,1,21.18,1,False,False,False,False,False,True,False,False,0.39988339906612785,0.5312546683030512,0.0,-1.1048495014747262,0.6179457364180162,0.5357142857142856,0.6081081081081082,0.0,0.1906693711967546,0.5689287238583014
21.2,77.0,0.0,2.3,0,21,0,20.17,1,True,False,False,False,False,False,False,False,0.15427174053759843,0.8849171859588206,0.0,-1.645561253462708,0.4003014590299304,0.48214285714285715,0.7027027027027027,0.0,0.06490872210953345,0.5258215962441315
20.0,83.0,0.0,5.0,0,22,0,19.32,1,True,False,False,False,False,False,False,False,-0.042217586285225026,1.188056486806623,0.0,-1.174618759795756,0.21713548301025357,0.4392857142857142,0.7837837837837839,0.0,0.1744421906693712,0.48954332052923605
18.4,89.0,0.0,1.9,0,23,0,18.03,1,True,False,False,False,False,False,False,False,-0.30420335538232335,1.4911957876544253,0.0,-1.7153305117837376,-0.06084582177254944,0.38214285714285706,0.864864864864865,0.0,0.0486815415821501,0.4344857020913359
17.6,87.0,0.0,11.45,0,0,0,17.2,5,True,False,False,False,False,False,False,False,-0.4351962399308719,1.3901493540384913,0.0,-0.049589469369148924,-0.23970201012117515,0.3535714285714286,0.8378378378378378,0.0,0.43610547667342797,0.3990610328638497
17.0,88.0,0.0,0.7,0,1,0,16.66,5,True,False,False,False,False,False,False,False,-0.5334409033422839,1.4406725708464583,0.0,-1.9246382867468277,-0.3560662772395577,0.33214285714285713,0.8513513513513514,0.0,0.0,0.3760136577037985
16.0,89.0,0.0,5.6,0,2,0,15.74,5,True,False,False,False,False,False,False,False,-0.6971820090279702,1.4911957876544253,0.0,-1.0699648723142112,-0.5543165101079135,0.29642857142857143,0.864864864864865,0.0,0.19878296146044622,0.33674775928297057
15.2,87.0,0.0,3.3,0,3,0,14.93,5,True,False,False,False,False,False,False,False,-0.8281748935765194,1.3901493540384913,0.0,-1.4711381076601333,-0.7288629107854877,0.26785714285714285,0.8378378378378378,0.0,0.10547667342799188,0.30217669654289375
14.7,59.484939759036145,0.0,5.4,0,4,0,13.94,5,True,False,False,False,False,False,False,False,-0.9100454464193626,0.0,0.0,-1.1048495014747262,-0.9421974005025228,0.24999999999999994,0.4660126994464344,0.0,0.1906693711967546,0.25992317541613313
14.0,86.0,0.0,4.7,1,5,0,13.78,5,False,False,False,True,False,False,False,False,-1.0246642203993428,1.3396261372305243,0.0,-1.2269457035365283,-0.9766757018709324,0.22500000000000003,0.8243243243243245,0.0,0.16227180527383367,0.25309432351685873
20.257831325301208,90.0,0.0,4.7,0,6,1,19.85,5,True,False,False,False,False,False,False,False,5.817252659514562e-16,1.5417190044623925,0.0,-1.2269457035365283,0.33134485629311095,0.44849397590361456,0.8783783783783784,0.0,0.16227180527383367,0.5121638924455827
15.0,91.0,0.0,6.6,0,7,1,14.82,5,True,False,False,False,False,False,False,False,-0.8609231147136566,1.5922422212703595,0.0,-0.8955417265116364,-0.7525667429762692,0.26071428571428573,0.891891891891892,0.0,0.23935091277890466,0.2974818608621426
17.6,83.0,0.0,7.9,1,8,1,17.08,5,False,False,False,True,False,False,False,False,-0.4351962399308719,1.188056486806623,0.0,-0.6687916369682891,-0.26556073614748266,0.3535714285714286,0.7837837837837839,0.0,0.29208924949290066,0.39393939393939387
19.8,59.484939759036145,0.0,6.5,0,9,1,18.21,5,True,False,False,False,False,False,False,False,-0.07496580742236217,0.0,0.0,-0.9129840410918939,-0.022057732733088597,0.4321428571428572,0.4660126994464344,0.0,0.23529411764705885,0.4421681604780197
22.0,58.0,0.0,6.6,0,10,1,19.98,5,True,False,False,False,False,False,False,False,0.2852646250861476,-0.0750239333925535,0.0,-0.8955417265116364,0.3593584761549436,0.5107142857142857,0.44594594594594594,0.0,0.23935091277890466,0.5177123346137431
23.5,54.0,0.0,4.0,0,11,1,21.02,5,True,False,False,False,False,False,False,False,0.530876283614677,-0.27711680062442173,0.0,-1.3490419055983307,0.5834674350496065,0.5642857142857143,0.391891891891892,0.0,0.13387423935091278,0.5620998719590269
25.6,42.0,0.0,11.45,0,12,1,21.98,5,True,False,False,False,False,False,False,False,0.8747326055546185,-0.8833954023200264,0.0,-0.049589469369148924,0.7903372432600648,0.6392857142857142,0.22972972972972971,0.0,0.43610547667342797,0.6030729833546735
27.4,34.0,0.0,3.6,2,13,1,22.81,5,False,False,False,False,False,True,False,False,1.1694665957888535,-1.2875811367837628,0.0,-1.4188111639193608,0.9691934316086898,0.7035714285714285,0.12162162162162166,0.0,0.11764705882352941,0.6384976525821595
27.9,29.0,0.0,9.4,0,14,1,22.82,5,True,False,False,False,False,False,False,False,1.2513371486316964,-1.5401972208235983,0.0,-0.407156918264427,0.9713483254442158,0.7214285714285713,0.05405405405405406,0.0,0.35294117647058826,0.6389244558258642
28.2,31.0,0.0,8.8,0,15,1,23.18,5,True,False,False,False,False,False,False,False,1.3004594803374026,-1.439150787207664,0.0,-0.5118108057459718,1.0489245035231374,0.7321428571428572,0.08108108108108114,0.0,0.32860040567951326,0.6542893725992318
28.9,29.0,0.0,8.3,2,16,1,23.53,5,False,False,False,False,False,True,False,False,1.4150782543173828,-1.5401972208235983,0.0,-0.5990223786472592,1.124345787766534,0.7571428571428571,0.05405405405405406,0.0,0.308316430020284,0.6692274861288947
27.9,36.0,0.0,13.7,3,17,1,23.32,5,False,False,False,False,True,False,False,False,1.2513371486316964,-1.1865347031678288,0.0,0.3428626086866443,1.079093017220496,0.7214285714285713,0.14864864864864868,0.0,0.5273833671399594,0.6602646180110969
26.9,36.0,0.0,16.3,3,18,1,22.57,5,False,False,False,False,True,False,False,False,1.0875960429460103,-1.1865347031678288,0.0,0.7963627877733389,0.9174759795560756,0.6857142857142857,0.14864864864864868,0.0,0.6328600405679514,0.6282543747332481
24.7,59.484939759036145,0.0,14.6,2,19,1,22.32,5,False,False,False,False,False,True,False,False,0.7273656104375005,0.0,0.0,0.49984343990896163,0.8636036336679355,0.6071428571428572,0.4660126994464344,0.0,0.563894523326572,0.6175842936406317
23.0,59.484939759036145,0.0,11.4,3,20,1,20.89,5,False,False,False,False,True,False,False,False,0.44900573077183387,0.0,0.0,-0.05831062665927748,0.5554538151877738,0.5464285714285715,0.4660126994464344,0.0,0.4340770791075051,0.5565514297908665
21.2,64.0,0.0,8.4,0,21,0,19.59,5,True,False,False,False,False,False,False,False,0.15427174053759843,0.22811536745524885,0.0,-0.5815800640670018,0.27531761656944487,0.48214285714285715,0.5270270270270271,0.0,0.31237322515212984,0.5010670081092616
20.5,64.0,0.0,4.3,1,22,0,18.99,5,False,False,False,True,False,False,False,False,0.03965296655761812,0.22811536745524885,0.0,-1.2967149618575584,0.14602398643790818,0.45714285714285713,0.5270270270270271,0.0,0.1460446247464503,0.47545881348698243
19.8,68.0,0.0,3.4,2,23,0,18.55,5,False,False,False,False,False,True,False,False,-0.07496580742236217,0.4302082346871171,0.0,-1.4536957930798755,0.051208657674781985,0.4321428571428572,0.5810810810810811,0.0,0.10953346855983773,0.4566794707639778
19.8,63.0,0.0,3.6,3,0,0,18.35,6,False,False,False,False,True,False,False,False,-0.07496580742236217,0.1775921506472818,0.0,-1.4188111639193608,0.008110780964270014,0.4321428571428572,0.5135135135135136,0.0,0.11764705882352941,0.4481434058898848
19.0,59.484939759036145,0.0,5.1,2,1,0,17.54,6,False,False,False,False,False,True,False,False,-0.20595869197091132,0.0,0.0,-1.1571764452154987,-0.1664356197133046,0.4035714285714285,0.4660126994464344,0.0,0.178498985801217,0.4135723431498079
19.1,73.0,0.0,7.6,3,2,0,18.12,6,False,False,False,False,True,False,False,False,-0.18958458140234247,0.6828243187269524,0.0,-0.7211185807090617,-0.04145177725281902,0.4071428571428572,0.6486486486486487,0.0,0.2799188640973631,0.43832693128467776
18.9,75.0,0.0,5.1,3,3,0,18.01,6,False,False,False,False,True,False,False,False,-0.2223328025394802,0.7838707523428865,0.0,-1.1571764452154987,-0.06515560944360056,0.39999999999999997,0.6756756756756758,0.0,0.178498985801217,0.4336320956039266
18.9,76.0,0.0,5.4,3,4,0,18.05,6,False,False,False,False,True,False,False,False,-0.2223328025394802,0.8343939691508536,0.0,-1.1048495014747262,-0.05653603410149832,0.39999999999999997,0.6891891891891894,0.0,0.1906693711967546,0.4353393085787452
18.9,77.0,0.0,6.1,0,5,0,18.08,6,True,False,False,False,False,False,False,False,-0.2223328025394802,0.8849171859588206,0.0,-0.9827532994129239,-0.05007135259492203,0.39999999999999997,0.7027027027027027,0.0,0.21906693711967543,0.4366197183098591
19.2,81.0,0.0,5.2,3,6,1,18.5,6,False,False,False,False,True,False,False,False,-0.1732104708337742,1.0870100531906888,0.0,-1.139734130635241,0.0404341884971538,0.41071428571428564,0.7567567567567569,0.0,0.18255578093306288,0.45454545454545453
19.9,81.0,0.0,8.4,1,7,1,19.15,6,False,False,False,True,False,False,False,False,-0.05859169685379389,1.0870100531906888,0.0,-0.5815800640670018,0.18050228780631788,0.43571428571428567,0.7567567567567569,0.0,0.31237322515212984,0.48228766538625684
21.2,77.0,0.0,8.5,3,8,1,20.17,6,False,False,False,False,True,False,False,False,0.15427174053759843,0.8849171859588206,0.0,-0.5641377494867443,0.4003014590299304,0.48214285714285715,0.7027027027027027,0.0,0.3164300202839757,0.5258215962441315
22.6,78.0,0.0,6.1,3,9,1,21.49,6,False,False,False,False,True,False,False,False,0.3835092884975596,0.9354404027667877,0.0,-0.9827532994129239,0.6847474453193098,0.5321428571428573,0.7162162162162163,0.0,0.21906693711967543,0.5821596244131455
22.2,74.0,0.0,6.6,3,10,1,20.93,6,False,False,False,False,True,False,False,False,0.31801284622328474,0.7333475355349195,0.0,-0.8955417265116364,0.564073390529876,0.5178571428571428,0.6621621621621622,0.0,0.23935091277890466,0.558258642765685
22.9,76.0,0.0,4.5,3,11,1,21.66,6,False,False,False,False,True,False,False,False,0.432631620203265,0.8343939691508536,0.0,-1.2618303326970435,0.7213806405232454,0.5428571428571427,0.6891891891891894,0.0,0.15415821501014199,0.5894152795561247
23.8,77.0,0.0,7.6,3,12,1,22.53,6,False,False,False,False,True,False,False,False,0.579998615320383,0.8849171859588206,0.0,-0.7211185807090617,0.9088564042139733,0.575,0.7027027027027027,0.0,0.2799188640973631,0.6265471617584295
26.2,59.0,0.0,11.7,3,13,1,23.54,6,False,False,False,False,True,False,False,False,0.9729772689660299,-0.024500716584586447,0.0,-0.005983682918505233,1.126500681602059,0.6607142857142856,0.45945945945945954,0.0,0.4462474645030426,0.6696542893725992
27.0,59.0,0.0,14.1,3,14,1,24.21,6,False,False,False,False,True,False,False,False,1.1039701535145792,-0.024500716584586447,0.0,0.41263186700767424,1.2708785685822752,0.6892857142857143,0.45945945945945954,0.0,0.5436105476673428,0.6982501067008111
27.8,59.0,0.0,13.3,3,15,1,24.88,6,False,False,False,False,True,False,False,False,1.2349630380631282,-0.024500716584586447,0.0,0.27309335036561466,1.4152564555624902,0.717857142857143,0.45945945945945954,0.0,0.5111561866125761,0.7268459240290226
28.8,53.0,0.0,13.2,3,16,1,25.27,6,False,False,False,False,True,False,False,False,1.3987041437488146,-0.3276400174323888,0.0,0.2556510357853569,1.4992973151479891,0.7535714285714286,0.3783783783783784,0.0,0.5070993914807302,0.7434912505335041
29.5,53.0,0.0,17.8,0,17,1,25.83,6,True,False,False,False,False,False,False,False,1.5133229177287948,-0.3276400174323888,0.0,1.0579975064772011,1.6199713699374227,0.7785714285714287,0.3783783783783784,0.0,0.693711967545639,0.7673922321809645
29.3,52.0,0.0,18.4,0,18,1,25.59,6,True,False,False,False,False,False,False,False,1.4805746965916577,-0.37816323424035586,0.0,1.1626513939587455,1.5682539178848085,0.7714285714285716,0.3648648648648649,0.0,0.7180527383367139,0.7571489543320529
29.1,46.0,0.0,17.6,1,19,1,24.97,6,False,False,False,True,False,False,False,False,1.4478264754545205,-0.6813025350881582,0.0,1.0231128773166862,1.4346505000822207,0.7642857142857145,0.2837837837837839,0.0,0.6855983772819474,0.7306871532223644
27.2,54.0,0.0,13.8,0,20,1,24.04,6,True,False,False,False,False,False,False,False,1.1367183746517162,-0.27711680062442173,0.0,0.360304923266902,1.2342453733783394,0.6964285714285714,0.391891891891892,0.0,0.5314401622718053,0.6909944515578319
26.8,50.0,0.0,14.4,3,21,0,23.44,6,False,False,False,False,True,False,False,False,1.071221932377442,-0.47920966785629,0.0,0.4649588107484468,1.1049517432468035,0.6821428571428572,0.33783783783783783,0.0,0.5557809330628803,0.6653862569355529
26.4,53.0,0.0,11.45,3,22,0,23.32,6,False,False,False,False,True,False,False,False,1.0057254901031671,-0.3276400174323888,0.0,-0.049589469369148924,1.079093017220496,0.6678571428571427,0.3783783783783784,0.0,0.43610547667342797,0.6602646180110969
25.5,52.0,0.0,12.3,3,23,0,22.52,6,False,False,False,False,True,False,False,False,0.8583584949860497,-0.37816323424035586,0.0,0.09867020456303988,0.9067015103784474,0.6357142857142857,0.3648648648648649,0.0,0.4705882352941177,0.6261203585147246
20.257831325301208,38.0,0.0,11.6,3,0,0,17.71,4,False,False,False,False,True,False,False,False,5.817252659514562e-16,-1.0854882695518948,0.0,-0.02342599749876265,-0.1298024245093689,0.44849397590361456,0.17567567567567577,0.0,0.4421906693711968,0.4208279982927871
24.3,34.0,0.0,13.8,2,1,0,20.52,4,False,False,False,False,False,True,False,False,0.6618691681632262,-1.2875811367837628,0.0,0.360304923266902,0.47572274327332614,0.592857142857143,0.12162162162162166,0.0,0.5314401622718053,0.5407597097737942
22.6,39.0,0.0,14.1,3,2,0,19.53,4,False,False,False,False,True,False,False,False,0.3835092884975596,-1.0349650527439276,0.0,0.41263186700767424,0.2623882535562915,0.5321428571428573,0.18918918918918926,0.0,0.5436105476673428,0.4985061886470337
22.0,41.0,0.0,11.8,0,3,0,19.17,4,True,False,False,False,False,False,False,False,0.2852646250861476,-0.9339186191279936,0.0,0.01145863166175249,0.18481207547736977,0.5107142857142857,0.21621621621621623,0.0,0.4503042596348885,0.48314127187366634
21.1,48.0,0.0,12.2,0,4,0,18.79,4,True,False,False,False,False,False,False,False,0.13789762996903013,-0.5802561014722241,0.0,0.08122788998278214,0.1029261097273962,0.4785714285714286,0.31081081081081086,0.0,0.46653144016227177,0.46692274861288946
19.4,58.0,0.0,6.9,0,5,0,17.82,4,True,False,False,False,False,False,False,False,-0.14046224969663704,-0.0750239333925535,0.0,-0.8432147827708639,-0.10609859231858736,0.41785714285714276,0.44594594594594594,0.0,0.25152129817444224,0.42552283397353824
18.6,54.0,0.0,12.0,0,6,1,17.02,4,True,False,False,False,False,False,False,False,-0.27145513424518564,-0.27711680062442173,0.0,0.04634326082226732,-0.278490099160636,0.3892857142857143,0.391891891891892,0.0,0.45841784989858014,0.391378574477166
19.3,59.484939759036145,0.0,11.2,0,7,1,17.79,4,True,False,False,False,False,False,False,False,-0.1568363602652053,0.0,0.0,-0.09319525581979261,-0.11256327382516443,0.4142857142857143,0.4660126994464344,0.0,0.42596348884381335,0.42424242424242425
20.9,50.0,0.0,14.8,0,8,1,18.72,4,True,False,False,False,False,False,False,False,0.10514940883189242,-0.47920966785629,0.0,0.5347280690694768,0.08784185287871689,0.47142857142857136,0.33783783783783783,0.0,0.5720081135902637,0.4639351259069568
21.9,50.0,0.0,12.4,0,9,1,19.52,4,True,False,False,False,False,False,False,False,0.2688905145175787,-0.47920966785629,0.0,0.11611251914329729,0.26023335972076556,0.5071428571428571,0.33783783783783783,0.0,0.4746450304259635,0.498079385403329
23.4,47.0,0.0,13.9,1,10,1,20.56,4,False,False,False,True,False,False,False,False,0.5145021730461081,-0.6307793182801912,0.0,0.3777472378471594,0.4843423186154284,0.5607142857142857,0.29729729729729737,0.0,0.5354969574036511,0.5424669227486127
23.2,45.0,0.0,13.9,3,11,1,20.3,4,False,False,False,False,True,False,False,False,0.481753951908971,-0.7318257518961253,0.0,0.3777472378471594,0.42831507889176307,0.5535714285714286,0.2702702702702703,0.0,0.5354969574036511,0.5313700384122919
24.1,40.0,0.0,20.7,3,12,1,20.72,4,False,False,False,False,True,False,False,False,0.629120947026089,-0.9844418359359606,0.0,1.5638246293046676,0.5188206199838381,0.5857142857142859,0.20270270270270274,0.0,0.8113590263691683,0.5492957746478873
24.2,37.0,0.0,21.9,3,13,1,20.62,4,False,False,False,False,True,False,False,False,0.6454950575946573,-1.1360114863598618,0.0,1.7731324042677572,0.49727168162858254,0.5892857142857142,0.16216216216216217,0.0,0.8600405679513184,0.5450277422108409
23.4,53.0,0.0,21.7,3,14,1,20.88,4,False,False,False,False,True,False,False,False,0.5145021730461081,-0.3276400174323888,0.0,1.7382477751072425,0.5532989213522479,0.5607142857142857,0.3783783783783784,0.0,0.8519269776876267,0.5561246265471618
24.6,35.0,0.0,25.349999999999998,3,15,1,20.8,4,False,False,False,False,True,False,False,False,0.7109914998689322,-1.2370579199757958,0.0,2.37489225728664,0.5360597706680433,0.6035714285714286,0.1351351351351352,0.0,0.9999999999999999,0.5527102005975246
22.2,44.0,0.0,20.2,3,16,1,19.47,4,False,False,False,False,True,False,False,False,0.31801284622328474,-0.7823489687040923,0.0,1.4766130564033804,0.24945889054313736,0.5178571428571428,0.2567567567567568,0.0,0.7910750507099391,0.49594536918480575
23.0,44.0,0.0,21.8,3,17,1,20.09,4,False,False,False,False,True,False,False,False,0.44900573077183387,-0.7823489687040923,0.0,1.7556900896875,0.38306230834572513,0.5464285714285715,0.2567567567567568,0.0,0.8559837728194727,0.5224071702944941
22.6,43.0,0.0,20.7,3,18,1,19.73,4,False,False,False,False,True,False,False,False,0.3835092884975596,-0.8328721855120594,0.0,1.5638246293046676,0.30548613026680344,0.5321428571428573,0.2432432432432433,0.0,0.8113590263691683,0.5070422535211268
21.9,44.0,0.0,18.4,3,19,1,19.23,4,False,False,False,False,True,False,False,False,0.2688905145175787,-0.7823489687040923,0.0,1.1626513939587455,0.19774143849052314,0.5071428571428571,0.2567567567567568,0.0,0.7180527383367139,0.4857020913358942
20.1,47.0,0.0,21.7,0,20,1,17.96,4,True,False,False,False,False,False,False,False,-0.025843475716656166,-0.6307793182801912,0.0,1.7382477751072425,-0.07593007862122875,0.4428571428571429,0.29729729729729737,0.0,0.8519269776876267,0.43149807938540335
19.1,59.484939759036145,0.0,15.6,0,21,0,17.63,4,True,False,False,False,False,False,False,False,-0.18958458140234247,0.0,0.0,0.6742665857115364,-0.14704157519357416,0.4071428571428572,0.4660126994464344,0.0,0.6044624746450304,0.41741357234314974
17.4,49.0,0.0,14.8,0,22,0,15.89,4,True,False,False,False,False,False,False,False,-0.46794446106800963,-0.529732884664257,0.0,0.5347280690694768,-0.5219931025750293,0.34642857142857136,0.32432432432432434,0.0,0.5720081135902637,0.3431498079385404
17.0,48.0,0.0,11.2,0,23,0,15.54,4,True,False,False,False,False,False,False,False,-0.5334409033422839,-0.5802561014722241,0.0,-0.09319525581979261,-0.5974143868184258,0.33214285714285713,0.31081081081081086,0.0,0.42596348884381335,0.3282116944088775
16.0,51.0,0.0,10.0,0,0,0,14.82,0,True,False,False,False,False,False,False,False,-0.6971820090279702,-0.4286864510483229,0.0,-0.3025030307828822,-0.7525667429762692,0.29642857142857143,0.3513513513513514,0.0,0.3772819472616633,0.2974818608621426
15.7,54.0,0.0,11.45,0,1,0,14.65,0,True,False,False,False,False,False,False,False,-0.7463043407336762,-0.27711680062442173,0.0,-0.049589469369148924,-0.7891999381802045,0.28571428571428564,0.391891891891892,0.0,0.43610547667342797,0.2902262057191635
15.7,56.0,0.0,11.45,0,2,0,14.7,0,True,False,False,False,False,False,False,False,-0.7463043407336762,-0.17607036700848763,0.0,-0.049589469369148924,-0.7784254690025767,0.28571428571428564,0.41891891891891897,0.0,0.43610547667342797,0.2923602219376867
14.8,59.0,0.0,9.0,0,3,0,14.01,0,True,False,False,False,False,False,False,False,-0.8936713358507937,-0.024500716584586447,0.0,-0.476926176585457,-0.9271131436538435,0.2535714285714286,0.45945945945945954,0.0,0.3367139959432049,0.2629107981220657
14.2,62.0,0.0,10.0,0,4,0,13.56,0,True,False,False,False,False,False,False,False,-0.9919159992622057,0.12706893383931472,0.0,-0.3025030307828822,-1.0240833662524955,0.23214285714285715,0.5000000000000001,0.0,0.3772819472616633,0.24370465215535647
13.8,62.0,0.0,8.8,0,5,0,13.22,0,True,False,False,False,False,False,False,False,-1.05741244153648,0.12706893383931472,0.0,-0.5118108057459718,-1.097349756660366,0.21785714285714292,0.5000000000000001,0.0,0.32860040567951326,0.22919334186939827
20.257831325301208,64.0,0.0,9.0,0,6,1,18.78,0,True,False,False,False,False,False,False,False,5.817252659514562e-16,0.22811536745524885,0.0,-0.476926176585457,0.10077121589187102,0.44849397590361456,0.5270270270270271,0.0,0.3367139959432049,0.4664959453691849
15.3,62.0,0.0,11.45,0,7,1,14.49,0,True,False,False,False,False,False,False,False,-0.8118007830079506,0.12706893383931472,0.0,-0.049589469369148924,-0.8236782395486142,0.2714285714285714,0.5000000000000001,0.0,0.43610547667342797,0.283397353819889
20.257831325301208,66.0,0.0,10.9,0,8,1,18.86,0,True,False,False,False,False,False,False,False,5.817252659514562e-16,0.329161801071183,0.0,-0.14552219956056486,0.1180103665760755,0.44849397590361456,0.5540540540540541,0.0,0.4137931034482759,0.469910371318822
18.2,59.0,0.0,11.2,0,9,1,16.86,0,True,False,False,False,False,False,False,False,-0.3369515765194605,-0.024500716584586447,0.0,-0.09319525581979261,-0.31296840052904573,0.37499999999999994,0.45945945945945954,0.0,0.42596348884381335,0.3845497225778916
20.3,52.0,0.0,11.3,0,10,1,18.32,0,True,False,False,False,False,False,False,False,0.006904745420480979,-0.37816323424035586,0.0,-0.0757529412395349,0.0016460994576929502,0.45,0.3648648648648649,0.0,0.4300202839756593,0.44686299615877084
22.2,39.0,0.0,14.6,0,11,1,19.22,0,True,False,False,False,False,False,False,False,0.31801284622328474,-1.0349650527439276,0.0,0.49984343990896163,0.1955865446549972,0.5178571428571428,0.18918918918918926,0.0,0.563894523326572,0.4852752880921895
23.2,37.0,0.0,11.8,0,12,1,19.87,0,True,False,False,False,False,False,False,False,0.481753951908971,-1.1360114863598618,0.0,0.01145863166175249,0.33565464396416206,0.5535714285714286,0.16216216216216217,0.0,0.4503042596348885,0.5130174989329919
23.9,59.484939759036145,0.0,13.3,0,13,1,21.65,0,True,False,False,False,False,False,False,False,0.5963727258889513,0.0,0.0,0.27309335036561466,0.7192257466877194,0.5785714285714285,0.4660126994464344,0.0,0.5111561866125761,0.58898847631242
24.8,59.484939759036145,0.0,15.1,1,14,1,22.4,0,False,False,False,True,False,False,False,False,0.7437397210060693,0.0,0.0,0.5870550128102491,0.8808427843521399,0.6107142857142858,0.4660126994464344,0.0,0.5841784989858012,0.6209987195902689
25.2,36.0,0.0,13.7,1,15,1,21.31,0,False,False,False,True,False,False,False,False,0.8092361632803436,-1.1865347031678288,0.0,0.3428626086866443,0.6459593562798489,0.625,0.14864864864864868,0.0,0.5273833671399594,0.5744771660264618
25.5,34.0,0.0,15.0,0,16,1,21.41,0,True,False,False,False,False,False,False,False,0.8583584949860497,-1.2875811367837628,0.0,0.5696126982299916,0.6675082946351052,0.6357142857142857,0.12162162162162166,0.0,0.5801217038539553,0.5787451984635084
25.8,31.0,0.0,15.8,1,17,1,21.44,0,False,False,False,True,False,False,False,False,0.9074808266917557,-1.439150787207664,0.0,0.7091512148720516,0.6739729761416823,0.6464285714285714,0.08108108108108114,0.0,0.6125760649087222,0.5800256081946222
25.4,32.0,0.0,11.45,0,18,1,21.21,0,True,False,False,False,False,False,False,False,0.8419843844174808,-1.388627570399697,0.0,-0.049589469369148924,0.6244104179245933,0.6321428571428571,0.09459459459459463,0.0,0.43610547667342797,0.5702091335894153
24.8,32.0,0.0,18.0,3,19,1,20.77,0,False,False,False,False,True,False,False,False,0.7437397210060693,-1.388627570399697,0.0,1.0928821356377159,0.5295950891614664,0.6107142857142858,0.09459459459459463,0.0,0.7018255578093306,0.5514297908664105
23.5,37.0,0.0,15.3,3,20,1,20.1,0,False,False,False,False,True,False,False,False,0.530876283614677,-1.1360114863598618,0.0,0.6219396419707641,0.3852172021812511,0.5642857142857143,0.16216216216216217,0.0,0.592292089249493,0.522833973538199
24.1,34.0,0.0,13.3,3,21,0,20.38,0,False,False,False,False,True,False,False,False,0.629120947026089,-1.2875811367837628,0.0,0.27309335036561466,0.4455542295759676,0.5857142857142859,0.12162162162162166,0.0,0.5111561866125761,0.5347844643619291
23.3,37.0,0.0,15.5,3,22,0,19.95,0,False,False,False,False,True,False,False,False,0.4981280624775399,-1.1360114863598618,0.0,0.656824271131279,0.35289379464836657,0.5571428571428572,0.16216216216216217,0.0,0.6004056795131846,0.516431924882629
22.9,36.0,0.0,12.1,1,23,0,19.6,0,False,False,False,True,False,False,False,False,0.432631620203265,-1.1865347031678288,0.0,0.06378557540252473,0.2774725104049708,0.5428571428571427,0.14864864864864868,0.0,0.46247464503042596,0.5014938113529663
21.8,46.0,0.0,14.2,3,0,0,19.25,2,False,False,False,False,True,False,False,False,0.2525164039490104,-0.6813025350881582,0.0,0.4300741815879317,0.20205122616157425,0.5035714285714286,0.2837837837837839,0.0,0.5476673427991886,0.4865556978233035
21.4,48.0,0.0,13.7,0,1,0,19.03,2,True,False,False,False,False,False,False,False,0.18701996167473556,-0.5802561014722241,0.0,0.3428626086866443,0.15464356178001118,0.48928571428571427,0.31081081081081086,0.0,0.5273833671399594,0.4771660264618011
20.4,39.0,0.0,13.4,0,2,0,17.86,2,True,False,False,False,False,False,False,False,0.02327885598904926,-1.0349650527439276,0.0,0.2905356649458721,-0.09747901697648512,0.45357142857142846,0.18918918918918926,0.0,0.515212981744422,0.4272300469483568
18.1,48.0,0.0,21.2,0,3,0,16.42,2,True,False,False,False,False,False,False,False,-0.35332568708802875,-0.5802561014722241,0.0,1.651036202205955,-0.40778372929217194,0.3714285714285715,0.31081081081081086,0.0,0.8316430020283976,0.365770379854887
15.8,42.0,0.0,25.349999999999998,0,4,0,14.45,2,True,False,False,False,False,False,False,False,-0.7299302301651074,-0.8833954023200264,0.0,2.37489225728664,-0.8322978148907169,0.2892857142857143,0.22972972972972971,0.0,0.9999999999999999,0.28169014084507044
13.9,45.0,0.0,25.349999999999998,0,5,0,13.04,2,True,False,False,False,False,False,False,False,-1.0410383309679114,-0.7318257518961253,0.0,2.37489225728664,-1.1361378456998275,0.22142857142857147,0.2702702702702703,0.0,0.9999999999999999,0.22151088348271447
12.3,50.0,0.0,25.349999999999998,0,6,1,11.84,2,True,False,False,False,False,False,False,False,-1.3030241000650093,-0.47920966785629,0.0,2.37489225728664,-1.3947251059629,0.1642857142857143,0.33783783783783783,0.0,0.9999999999999999,0.17029449423815618
12.6,52.0,0.0,25.349999999999998,0,7,1,12.1,2,True,False,False,False,False,False,False,False,-1.2539017683593037,-0.37816323424035586,0.0,2.37489225728664,-1.3386978662392341,0.175,0.3648648648648649,0.0,0.9999999999999999,0.18139137857447712
20.257831325301208,59.484939759036145,0.0,25.349999999999998,0,8,1,18.6,2,True,False,False,False,False,False,False,False,5.817252659514562e-16,0.0,0.0,2.37489225728664,0.06198312685241017,0.44849397590361456,0.4660126994464344,0.0,0.9999999999999999,0.4588134869825012
14.5,54.0,0.0,25.349999999999998,1,9,1,13.67,2,False,False,False,True,False,False,False,False,-0.9427936675564997,-0.27711680062442173,0.0,2.37489225728664,-1.000379534061714,0.24285714285714283,0.391891891891892,0.0,0.9999999999999999,0.2483994878361076
20.257831325301208,49.0,0.0,25.349999999999998,1,10,1,18.17,2,False,False,False,True,False,False,False,False,5.817252659514562e-16,-0.529732884664257,0.0,2.37489225728664,-0.030677308075190837,0.44849397590361456,0.32432432432432434,0.0,0.9999999999999999,0.44046094750320114
14.9,59.0,0.0,25.349999999999998,3,11,1,14.1,2,False,False,False,False,True,False,False,False,-0.8772972252822251,-0.024500716584586447,0.0,2.37489225728664,-0.907719099134113,0.2571428571428572,0.45945945945945954,0.0,0.9999999999999999,0.26675202731540765
15.3,51.0,0.0,25.349999999999998,2,12,1,14.26,2,False,False,False,False,False,True,False,False,-0.8118007830079506,-0.4286864510483229,0.0,2.37489225728664,-0.8732407977657033,0.2714285714285714,0.3513513513513514,0.0,0.9999999999999999,0.27358087921468205
15.4,53.0,0.0,25.349999999999998,2,13,1,14.38,2,False,False,False,False,False,True,False,False,-0.7954266724393819,-0.3276400174323888,0.0,2.37489225728664,-0.8473820717393958,0.27499999999999997,0.3783783783783784,0.0,0.9999999999999999,0.2787025181391379
20.257831325301208,56.0,0.0,25.349999999999998,3,14,1,18.45,2,False,False,False,False,True,False,False,False,5.817252659514562e-16,-0.17607036700848763,0.0,2.37489225728664,0.029659719319525615,0.44849397590361456,0.41891891891891897,0.0,0.9999999999999999,0.45241143832693126
15.4,58.0,0.0,25.349999999999998,3,15,1,14.49,2,False,False,False,False,True,False,False,False,-0.7954266724393819,-0.0750239333925535,0.0,2.37489225728664,-0.8236782395486142,0.27499999999999997,0.44594594594594594,0.0,0.9999999999999999,0.283397353819889
15.8,56.0,0.0,11.45,3,16,1,14.78,2,False,False,False,False,True,False,False,False,-0.7299302301651074,-0.17607036700848763,0.0,-0.049589469369148924,-0.7611863183183718,0.2892857142857143,0.41891891891891897,0.0,0.43610547667342797,0.29577464788732394
16.7,50.0,0.0,22.4,1,17,1,15.36,2,False,False,False,True,False,False,False,False,-0.5825632350479899,-0.47920966785629,0.0,1.8603439771690446,-0.6362024758578867,0.32142857142857145,0.33783783783783783,0.0,0.8803245436105476,0.3205292360221938
17.4,46.0,0.0,22.1,0,18,1,15.8,2,True,False,False,False,False,False,False,False,-0.46794446106800963,-0.6813025350881582,0.0,1.8080170334282726,-0.5413871470947598,0.34642857142857136,0.2837837837837839,0.0,0.8681541582150102,0.33930857874519854
17.0,45.0,0.0,16.6,0,19,1,15.46,2,True,False,False,False,False,False,False,False,-0.5334409033422839,-0.7318257518961253,0.0,0.8486897315141115,-0.6146535375026303,0.33214285714285713,0.2702702702702703,0.0,0.6450304259634889,0.32479726845924034
15.6,47.0,0.0,11.3,0,20,1,14.41,2,True,False,False,False,False,False,False,False,-0.7626784513022448,-0.6307793182801912,0.0,-0.0757529412395349,-0.8409173902328191,0.2821428571428571,0.29729729729729737,0.0,0.4300202839756593,0.27998292787025186
13.2,64.0,0.0,4.0,0,21,0,12.74,2,True,False,False,False,False,False,False,False,-1.155657104947892,0.22811536745524885,0.0,-1.3490419055983307,-1.2007846607655954,0.1964285714285714,0.5270270270270271,0.0,0.13387423935091278,0.20870678617157495
12.7,64.0,0.0,6.5,0,22,0,12.31,2,True,False,False,False,False,False,False,False,-1.2375276577907353,0.22811536745524885,0.0,-0.9129840410918939,-1.2934450956931964,0.17857142857142855,0.5270270270270271,0.0,0.23529411764705885,0.1903542466922749
11.6,65.0,0.0,4.7,0,23,0,11.38,2,True,False,False,False,False,False,False,False,-1.41764287404499,0.2786385842632159,0.0,-1.2269457035365283,-1.4938502223970775,0.1392857142857143,0.5405405405405406,0.0,0.16227180527383367,0.15066154502774226
10.5,59.484939759036145,0.0,1.5,0,0,0,10.42,3,True,False,False,False,False,False,False,False,-1.597758090299245,0.0,0.0,-1.7850997701047677,-1.700720030607536,0.10000000000000003,0.4660126994464344,0.0,0.032454361054766734,0.10968843363209563
10.2,75.0,0.0,3.4,0,1,0,10.18,3,True,False,False,False,False,False,False,False,-1.6468804220049509,0.7838707523428865,0.0,-1.4536957930798755,-1.7524374826601505,0.08928571428571425,0.6756756756756758,0.0,0.10953346855983773,0.09944515578318397
10.1,69.0,0.0,5.8,0,2,0,10.09,3,True,False,False,False,False,False,False,False,-1.6632545325735195,0.48073145149508417,0.0,-1.0350802431536963,-1.771831527179881,0.08571428571428569,0.5945945945945946,0.0,0.20689655172413793,0.09560392658984213
8.8,74.0,0.0,2.9,0,3,0,8.92,3,True,False,False,False,False,False,False,False,-1.8761179699649115,0.7333475355349195,0.0,-1.540907365981163,-2.023954105936377,0.03928571428571431,0.6621621621621622,0.0,0.08924949290060852,0.04566794707639782
8.2,76.0,0.0,5.3,0,4,0,8.37,3,True,False,False,False,False,False,False,False,-1.9743626333763236,0.8343939691508536,0.0,-1.1222918160549837,-2.1424732668902853,0.01785714285714285,0.6891891891891894,0.0,0.18661257606490872,0.02219376867264189
7.7,84.0,0.0,3.7,0,5,0,7.85,3,True,False,False,False,False,False,False,False,-2.0562331862191665,1.23857970361459,0.0,-1.401368849339103,-2.254527746337617,0.0,0.7972972972972973,0.0,0.12170385395537525,0.0
7.9,78.0,0.0,2.5,0,6,1,8.08,3,True,False,False,False,False,False,False,False,-2.0234849650820292,0.9354404027667877,0.0,-1.610676624302193,-2.2049651881205277,0.007142857142857173,0.7162162162162163,0.0,0.07302231237322515,0.009816474605207015
10.4,69.0,0.0,4.3,0,7,1,10.35,3,True,False,False,False,False,False,False,False,-1.6141322008678134,0.48073145149508417,0.0,-1.2967149618575584,-1.7158042874562154,0.09642857142857147,0.5945945945945946,0.0,0.1460446247464503,0.10670081092616307
13.2,59.0,0.0,7.4,0,8,1,12.68,3,True,False,False,False,False,False,False,False,-1.155657104947892,-0.024500716584586447,0.0,-0.7560032098695766,-1.2137140237787492,0.1964285714285714,0.45945945945945954,0.0,0.2718052738336714,0.20614596670934698
16.0,53.0,0.0,7.6,0,9,1,14.87,3,True,False,False,False,False,False,False,False,-0.6971820090279702,-0.3276400174323888,0.0,-0.7211185807090617,-0.7417922737986414,0.29642857142857143,0.3783783783783784,0.0,0.2799188640973631,0.2996158770806658
19.2,49.0,0.0,6.6,0,10,1,17.32,3,True,False,False,False,False,False,False,False,-0.1732104708337742,-0.529732884664257,0.0,-0.8955417265116364,-0.21384328409486766,0.41071428571428564,0.32432432432432434,0.0,0.23935091277890466,0.40418267178830564
20.257831325301208,43.0,0.0,9.5,0,11,1,17.92,3,True,False,False,False,False,False,False,False,5.817252659514562e-16,-0.8328721855120594,0.0,-0.3897146036841696,-0.08454965396333099,0.44849397590361456,0.2432432432432433,0.0,0.35699797160243407,0.4297908664105848
23.5,59.484939759036145,0.0,13.3,0,12,1,21.31,3,True,False,False,False,False,False,False,False,0.530876283614677,0.0,0.0,0.27309335036561466,0.6459593562798489,0.5642857142857143,0.4660126994464344,0.0,0.5111561866125761,0.5744771660264618
24.2,34.0,0.0,18.2,1,13,1,20.45,3,False,False,False,True,False,False,False,False,0.6454950575946573,-1.2875811367837628,0.0,1.1277667647982308,0.46063848642464683,0.5892857142857142,0.12162162162162166,0.0,0.7099391480730223,0.5377720870678617
24.2,33.0,0.0,14.9,2,14,1,20.39,3,False,False,False,False,False,True,False,False,0.6454950575946573,-1.33810435359173,0.0,0.5521703836497343,0.4477091234114935,0.5892857142857142,0.10810810810810811,0.0,0.5760649087221096,0.5352112676056338
20.257831325301208,34.0,0.0,14.4,3,15,1,17.55,3,False,False,False,False,True,False,False,False,5.817252659514562e-16,-1.2875811367837628,0.0,0.4649588107484468,-0.16428072587777864,0.44849397590361456,0.12162162162162166,0.0,0.5557809330628803,0.4139991463935126
25.2,28.0,0.0,11.45,3,16,1,20.82,3,False,False,False,False,True,False,False,False,0.8092361632803436,-1.5907204376315653,0.0,-0.049589469369148924,0.5403695583390945,0.625,0.04054054054054057,0.0,0.43610547667342797,0.5535638070849338
24.6,25.0,0.0,17.0,2,17,1,20.22,3,False,False,False,False,False,True,False,False,0.7109914998689322,-1.7422900880554666,0.0,0.9184589898351412,0.41107592820755784,0.6035714285714286,0.0,0.0,0.6612576064908723,0.5279556124626548
24.7,25.0,0.0,20.2,0,18,1,20.29,3,True,False,False,False,False,False,False,False,0.7273656104375005,-1.7422900880554666,0.0,1.4766130564033804,0.42616018505623715,0.6071428571428572,0.0,0.0,0.7910750507099391,0.5309432351685872
23.9,26.0,0.0,14.7,2,19,1,19.79,3,False,False,False,False,False,True,False,False,0.5963727258889513,-1.6917668712474994,0.0,0.5172857544892191,0.31841549327995683,0.5785714285714285,0.013513513513513542,0.0,0.5679513184584178,0.5096030729833547
22.6,31.0,0.0,4.9,3,20,1,19.12,3,False,False,False,False,True,False,False,False,0.3835092884975596,-1.439150787207664,0.0,-1.1920610743760134,0.1740376062997416,0.5321428571428573,0.08108108108108114,0.0,0.17038539553752538,0.4810072556551431
20.257831325301208,34.0,0.0,5.8,3,21,0,17.55,3,False,False,False,False,True,False,False,False,5.817252659514562e-16,-1.2875811367837628,0.0,-1.0350802431536963,-0.16428072587777864,0.44849397590361456,0.12162162162162166,0.0,0.20689655172413793,0.4139991463935126
20.7,36.0,0.0,6.4,2,22,0,17.96,3,False,False,False,False,False,True,False,False,0.07240118769475527,-1.1865347031678288,0.0,-0.9304263556721513,-0.07593007862122875,0.46428571428571425,0.14864864864864868,0.0,0.23123732251521298,0.43149807938540335
19.1,41.0,0.0,6.8,3,23,0,16.95,3,False,False,False,False,True,False,False,False,-0.18958458140234247,-0.9339186191279936,0.0,-0.8606570973511215,-0.2935743560093153,0.4071428571428572,0.21621621621621623,0.0,0.24746450304259635,0.38839095177123345
